-- migrate:up
-- Generated seed data with proper ULIDs
-- Generated at: 2026-04-08T09:55:28.577Z

DELETE FROM tiebreak_priorities;
DELETE FROM promotion_rules;
DELETE FROM ranking_rules;
DELETE FROM tournament_slots;
DELETE FROM tournaments;
DELETE FROM leagues;
DELETE FROM judgments;
DELETE FROM match_entries;
DELETE FROM matches;
DELETE FROM competition_entries;
DELETE FROM competitions;
DELETE FROM sport_entries;
DELETE FROM sport_scenes;
DELETE FROM rules;
DELETE FROM information;
DELETE FROM team_users;
DELETE FROM teams;
DELETE FROM group_users;
DELETE FROM `groups`;
DELETE FROM user_roles;
DELETE FROM users_idps;
DELETE FROM users;
DELETE FROM scenes;
DELETE FROM locations;
DELETE FROM `sports`;

-- ─── Sports ─────────────────────────────────────────────
INSERT INTO sports (id, name, display_order)
VALUES
  ('01KNP89C5Z5J4KD9RWA1EWJJ22', 'フットサル', 1),
  ('01KNP89C5ZZ1PTDGV7JC1HVRNM', 'バスケットボール', 2),
  ('01KNP89C5ZM6JTSS44Z59FTZR1', '野球', 3),
  ('01KNP89C5ZFYSX39219H5RV6VV', 'ビーチバレー', 4),
  ('01KNP89C5ZN6JDPEXV6H1J0001', 'テニス', 5),
  ('01KNP89C5Z0XW0T3E8F180ZA07', '卓球', 6),
  ('01KNP89C5Z30B6MSYNZ3DRXF8T', 'バドミントン', 7),
  ('01KNPP7MFGTSWCMP9HXBVNQ4VY', '水泳', 8),
  ('01KNPP7MFHC35D4VKTJPY5ZAZQ', 'ドッジボール', 9),
  ('01KNPP7MFKC4JJ9HS1KV19H579', 'バレーボール', 10),
  ('01KNPP7MFPA1B54GV91DVAXKX9', 'サッカー', 11),
  ('01KNPP7MFR6XGAMAKTS8QG283B', 'ハンドボール', 12),
  ('01KNPP7MFTCZ609ARBYNPBWB19', '陸上競技', 13),
  ('01KNPP7MFV5FQMDZS9GYZX2VWA', '柔道', 14),
  ('01KNPP7MFXSTE8BD07657AE1TN', '剣道', 15),
  ('01KNPP7MFZH4AKWYVXD34YDQ0J', '空手', 16),
  ('01KNPP7MG1GCQ1Q2J4W5C4GH1N', 'ソフトボール', 17),
  ('01KNPP7MG24HRAM5YAXD5M8BXR', 'ラグビー', 18),
  ('01KNPP7MG49RB71HS5C5JWSEVY', 'アーチェリー', 19);

-- ─── Scenes ─────────────────────────────────────────────
INSERT INTO scenes (id, name, is_deleted)
VALUES
  ('01KNP89C5ZYX3JDAJDFQ7BBSNG', '晴天時', 0),
  ('01KNP89C5Z4DHP4GVGQE0X6QQN', '雨天時', 0),
  ('01KNP89C5ZR059S4WJCJ9K2XR8', '廃止されたシーン', 1);

-- ─── Locations ──────────────────────────────────────────
INSERT INTO locations (id, name)
VALUES
  ('01KNP89C5ZW7AR7K07PTDRSCAA', '体育館'),
  ('01KNP89C5ZXF842HH3167YBEP5', 'グラウンドA'),
  ('01KNP89C5Z6XCD2YVERS890T9T', 'グラウンドB'),
  ('01KNP89C5Z7FS38RRPFBKPW1B9', 'テニスコート'),
  ('01KNP89C5Z8KCMGS8DSAH9SK70', 'プール'),
  ('01KNP89C5ZV0KP3T1FMH7ME28F', '武道場'),
  ('01KNP89C5ZZZ71SHHXQW9800G5', '多目的ホール'),
  ('01KNP89C5ZNMYVJD1354CXZRBS', 'サブアリーナ');

-- ─── Users (75) ─────────────────────────────────────────
INSERT INTO users (id, name, email)
VALUES
  ('01KNP89C5ZE4X68RBV92RV6HGM', '山田 太郎', 'user001@dev.sports-day.net'),
  ('01KNP89C5ZAQ8SKA6BSB87J2SY', '佐藤 美咲', 'user002@dev.sports-day.net'),
  ('01KNP89C5ZTY8P3VNZN2J3HMQF', '鈴木 健一', 'user003@dev.sports-day.net'),
  ('01KNP89C5ZFJ622E4CVVS0JB55', '田中 裕子', 'user004@dev.sports-day.net'),
  ('01KNP89C5ZRVCNSH7DNK53VNDS', '伊藤 翔太', 'user005@dev.sports-day.net'),
  ('01KNP89C5ZR7B3479MXF68Y134', '渡辺 麻衣', 'user006@dev.sports-day.net'),
  ('01KNP89C5Z448FJYGK8QFGGDSX', '小林 直人', 'user007@dev.sports-day.net'),
  ('01KNP89C5ZGQV0VA7G6H4XCGSX', '加藤 結衣', 'user008@dev.sports-day.net'),
  ('01KNP89C5Z9G05P9ZRMP2AP3G5', '吉田 大輔', 'user009@dev.sports-day.net'),
  ('01KNP89C5ZCEB0R7R5VYQND2NG', '松本 さくら', 'user010@dev.sports-day.net'),
  ('01KNP89C5ZY3JP2S7GC37GWMPW', '井上 拓也', 'user011@dev.sports-day.net'),
  ('01KNP89C5ZHAACJ6BGQ9JRP42W', '木村 愛子', 'user012@dev.sports-day.net'),
  ('01KNP89C5ZJH11ZVKFFGGDT6BH', '林 正樹', 'user013@dev.sports-day.net'),
  ('01KNP89C5Z0YMARA2NZXPCX3KE', '斎藤 優花', 'user014@dev.sports-day.net'),
  ('01KNP89C5Z8H3HK4D13JK28BTC', '清水 隆司', 'user015@dev.sports-day.net'),
  ('01KNP89C5ZG9Y152MJR6AY3ZYD', '山口 千尋', 'user016@dev.sports-day.net'),
  ('01KNP89C5Z4ZKDAY6ZWB7NPVDN', '中村 浩二', 'user017@dev.sports-day.net'),
  ('01KNP89C5Z2R9VX6K9GSTZZF1J', '石井 美穂', 'user018@dev.sports-day.net'),
  ('01KNP89C5ZACX94X2R74BD9HCY', '前田 一郎', 'user019@dev.sports-day.net'),
  ('01KNP89C5ZSC9FKEGYKWVE9DAA', '高橋 望', 'user020@dev.sports-day.net'),
  ('01KNP89C5ZFC3XNSSQHJVD4S36', '村上 陽太', 'user021@dev.sports-day.net'),
  ('01KNP89C5ZF60SRF4TQCVDCH5E', '近藤 遥', 'user022@dev.sports-day.net'),
  ('01KNP89C5ZVSGJTK8VTWSNHEVF', '遠藤 健太', 'user023@dev.sports-day.net'),
  ('01KNP89C5ZYWKA0AG0VSZRZ1W5', '藤田 千咲', 'user024@dev.sports-day.net'),
  ('01KNP89C5ZET5FQ42A2VQ5K5PP', '野口 大地', 'user025@dev.sports-day.net'),
  ('01KNP89C5Z1VKPK645AGBJEMSY', '原田 優奈', 'user026@dev.sports-day.net'),
  ('01KNP89C5Z02QTDZQV9CWSS7BK', '本田 智也', 'user027@dev.sports-day.net'),
  ('01KNP89C5ZXG8TNGV4Q18GZ3JT', '久保田 結菜', 'user028@dev.sports-day.net'),
  ('01KNP89C5ZB6F2Y0Z767XGKGCS', '菊地 悠斗', 'user029@dev.sports-day.net'),
  ('01KNP89C5ZY6SD9M97YZVX31WH', '岡本 莉子', 'user030@dev.sports-day.net'),
  ('01KNP89C5ZXY9DR19EWJVHNBFB', '中島 拓海', 'user031@dev.sports-day.net'),
  ('01KNP89C5Z2XP0BHJRG8YJ5GDW', '竹内 美緒', 'user032@dev.sports-day.net'),
  ('01KNP89C5ZE8AP6SN0YZHW30GC', '上田 蓮', 'user033@dev.sports-day.net'),
  ('01KNP89C5ZFR123M1C5YX6X5HH', '福田 花子', 'user034@dev.sports-day.net'),
  ('01KNP89C5ZTCSCK3DH9C393QEZ', '橋本 颯太', 'user035@dev.sports-day.net'),
  ('01KNP89C5ZY6Y9JQME7JVSCQEX', '星野 真由', 'user036@dev.sports-day.net'),
  ('01KNP89C5Z6QH3ZSS4ZZWCTPX8', '内田 陸', 'user037@dev.sports-day.net'),
  ('01KNP89C5Z9MFMHK8SNBF4EPC0', '浜田 瑞希', 'user038@dev.sports-day.net'),
  ('01KNP89C5ZMP6NHJ6P0VV1BPZZ', '横山 涼介', 'user039@dev.sports-day.net'),
  ('01KNP89C5ZG90MN5DD6FBEWV10', '宮崎 美優', 'user040@dev.sports-day.net'),
  ('01KNP89C5ZH5QCKCHSNN96QGRE', '大野 翼', 'user041@dev.sports-day.net'),
  ('01KNP89C5Z9TPFPE6PZZ6Z2G9F', '西田 彩乃', 'user042@dev.sports-day.net'),
  ('01KNP89C5ZRPJ8TJGR8RMFXMTB', '小川 遥斗', 'user043@dev.sports-day.net'),
  ('01KNP89C5Z2JV1EZ7X4T2PNCHE', '長谷川 未来', 'user044@dev.sports-day.net'),
  ('01KNP89C5ZT1N3G6H478XZJN7H', '藤原 海斗', 'user045@dev.sports-day.net'),
  ('01KNP89C5ZZ8ZY0JG5S93EAS3G', '岡田 楓', 'user046@dev.sports-day.net'),
  ('01KNP89C5Z80TDA2JM56XAKXWV', '阿部 蒼', 'user047@dev.sports-day.net'),
  ('01KNP89C5ZSRYK0GR8KDV3KJ9F', '森 葵', 'user048@dev.sports-day.net'),
  ('01KNP89C5ZCEZBJCEPJ3K75EWD', '池田 優真', 'user049@dev.sports-day.net'),
  ('01KNP89C5ZXQMH8Y91N93K956C', '三浦 陽菜', 'user050@dev.sports-day.net'),
  ('01KNP89C5ZVC538F9PM4N47KY0', '白石 春樹', 'user051@dev.sports-day.net'),
  ('01KNP89C5ZGE6R0WQM2719KQFR', '黒田 凜', 'user052@dev.sports-day.net'),
  ('01KNP89C5Z68XBE4P63CPMJNGJ', '須藤 啓太', 'user053@dev.sports-day.net'),
  ('01KNP89C5ZBQZZY97J0K8NBV60', '大塚 七海', 'user054@dev.sports-day.net'),
  ('01KNP89C5ZX8ZZJAVM6Z960YXE', '杉山 龍之介', 'user055@dev.sports-day.net'),
  ('01KNP89C5ZKPQYAD8QAPPFXJCV', '荒木 心春', 'user056@dev.sports-day.net'),
  ('01KNP89C5Z0BBD94GSNZ9D6SP9', '坂本 真一', 'user057@dev.sports-day.net'),
  ('01KNP89C5ZDPK2GH6Q6E0TJJ2A', '柴田 詩織', 'user058@dev.sports-day.net'),
  ('01KNP89C5ZXXRRJM18A9TWT7CA', '河野 和也', 'user059@dev.sports-day.net'),
  ('01KNP89C5ZDT7ZWCG6Y9SP7KD4', '堀 茜', 'user060@dev.sports-day.net'),
  ('01KNP89C5Z4Q9ZWQAF8BVRTHWA', '今井 光', 'user061@dev.sports-day.net'),
  ('01KNP89C5ZBA92J8X469YSXTVR', '松田 里奈', 'user062@dev.sports-day.net'),
  ('01KNP89C5ZSPQTPA814YJNDBDS', '西村 純', 'user063@dev.sports-day.net'),
  ('01KNP89C5Z1NANG1CCCENNW0VF', '平野 紗良', 'user064@dev.sports-day.net'),
  ('01KNP89C5ZT2E9YRTRRG724YX5', '丸山 修平', 'user065@dev.sports-day.net'),
  ('01KNP89C5ZAQMF7QWGB7XWASJD', '平田 日和', 'user066@dev.sports-day.net'),
  ('01KNP89C5ZSHBAB1FTM9X9ZM9G', '原 達也', 'user067@dev.sports-day.net'),
  ('01KNP89C5ZXZ0A9EGMZ054C2Q8', '南 ひなた', 'user068@dev.sports-day.net'),
  ('01KNP89C5ZCRKHTGPZ67XMMSDY', '武田 祐介', 'user069@dev.sports-day.net'),
  ('01KNP89C5ZXG6N40P0ZDH5M3PH', '新井 芽衣', 'user070@dev.sports-day.net'),
  ('01KNP89C5ZPA7RZKNEKJ4VTA0B', '川村 雄大', 'user071@dev.sports-day.net'),
  ('01KNP89C5ZFEM5XDBKKDDCHRHR', '土屋 美咲', 'user072@dev.sports-day.net'),
  ('01KNP89C5ZH76G0MDWNVYY3BSP', '北村 凛太朗', 'user073@dev.sports-day.net'),
  ('01KNP89C5ZHJJN321EYPK2WSHG', '望月 裕子', 'user074@dev.sports-day.net'),
  ('01KNP89C5Z1S5K37BVSVBE2X82', '金子 要', 'user075@dev.sports-day.net');

-- ─── User Roles ─────────────────────────────────────────
INSERT INTO user_roles (user_id, role)
VALUES
  ('01KNP89C5ZE4X68RBV92RV6HGM', 'admin'),
  ('01KNP89C5ZAQ8SKA6BSB87J2SY', 'organizer'),
  ('01KNP89C5ZTY8P3VNZN2J3HMQF', 'organizer');

-- ─── Groups (5) ─────────────────────────────────────────
INSERT INTO `groups` (id, name)
VALUES
  ('01KNP89C5Z8MR1BZ7T6C5506FP', 'サムライスピリッツ'),
  ('01KNP89C5ZQ88PG9EPB4XZPDRB', 'なでしこドリーム'),
  ('01KNP89C5Z6WVD5XFDQ1EJB5R9', 'ライジングサン'),
  ('01KNP89C5ZTSSWH4WC3Q3EAWQF', 'ブルーフェニックス'),
  ('01KNP89C5Z4QTJWC1EAXDMNKNA', 'ゴールデンスターズ');

-- ─── Group Users ────────────────────────────────────────
INSERT INTO group_users (user_id, group_id)
VALUES
  ('01KNP89C5ZE4X68RBV92RV6HGM', '01KNP89C5Z8MR1BZ7T6C5506FP'),
  ('01KNP89C5ZAQ8SKA6BSB87J2SY', '01KNP89C5Z8MR1BZ7T6C5506FP'),
  ('01KNP89C5ZTY8P3VNZN2J3HMQF', '01KNP89C5Z8MR1BZ7T6C5506FP'),
  ('01KNP89C5ZFJ622E4CVVS0JB55', '01KNP89C5Z8MR1BZ7T6C5506FP'),
  ('01KNP89C5ZRVCNSH7DNK53VNDS', '01KNP89C5Z8MR1BZ7T6C5506FP'),
  ('01KNP89C5ZR7B3479MXF68Y134', '01KNP89C5Z8MR1BZ7T6C5506FP'),
  ('01KNP89C5Z448FJYGK8QFGGDSX', '01KNP89C5Z8MR1BZ7T6C5506FP'),
  ('01KNP89C5ZGQV0VA7G6H4XCGSX', '01KNP89C5Z8MR1BZ7T6C5506FP'),
  ('01KNP89C5Z9G05P9ZRMP2AP3G5', '01KNP89C5Z8MR1BZ7T6C5506FP'),
  ('01KNP89C5ZCEB0R7R5VYQND2NG', '01KNP89C5Z8MR1BZ7T6C5506FP'),
  ('01KNP89C5ZY3JP2S7GC37GWMPW', '01KNP89C5Z8MR1BZ7T6C5506FP'),
  ('01KNP89C5ZHAACJ6BGQ9JRP42W', '01KNP89C5Z8MR1BZ7T6C5506FP'),
  ('01KNP89C5ZJH11ZVKFFGGDT6BH', '01KNP89C5Z8MR1BZ7T6C5506FP'),
  ('01KNP89C5Z0YMARA2NZXPCX3KE', '01KNP89C5Z8MR1BZ7T6C5506FP'),
  ('01KNP89C5Z8H3HK4D13JK28BTC', '01KNP89C5Z8MR1BZ7T6C5506FP'),
  ('01KNP89C5ZG9Y152MJR6AY3ZYD', '01KNP89C5ZQ88PG9EPB4XZPDRB'),
  ('01KNP89C5Z4ZKDAY6ZWB7NPVDN', '01KNP89C5ZQ88PG9EPB4XZPDRB'),
  ('01KNP89C5Z2R9VX6K9GSTZZF1J', '01KNP89C5ZQ88PG9EPB4XZPDRB'),
  ('01KNP89C5ZACX94X2R74BD9HCY', '01KNP89C5ZQ88PG9EPB4XZPDRB'),
  ('01KNP89C5ZSC9FKEGYKWVE9DAA', '01KNP89C5ZQ88PG9EPB4XZPDRB'),
  ('01KNP89C5ZFC3XNSSQHJVD4S36', '01KNP89C5ZQ88PG9EPB4XZPDRB'),
  ('01KNP89C5ZF60SRF4TQCVDCH5E', '01KNP89C5ZQ88PG9EPB4XZPDRB'),
  ('01KNP89C5ZVSGJTK8VTWSNHEVF', '01KNP89C5ZQ88PG9EPB4XZPDRB'),
  ('01KNP89C5ZYWKA0AG0VSZRZ1W5', '01KNP89C5ZQ88PG9EPB4XZPDRB'),
  ('01KNP89C5ZET5FQ42A2VQ5K5PP', '01KNP89C5ZQ88PG9EPB4XZPDRB'),
  ('01KNP89C5Z1VKPK645AGBJEMSY', '01KNP89C5ZQ88PG9EPB4XZPDRB'),
  ('01KNP89C5Z02QTDZQV9CWSS7BK', '01KNP89C5ZQ88PG9EPB4XZPDRB'),
  ('01KNP89C5ZXG8TNGV4Q18GZ3JT', '01KNP89C5ZQ88PG9EPB4XZPDRB'),
  ('01KNP89C5ZB6F2Y0Z767XGKGCS', '01KNP89C5ZQ88PG9EPB4XZPDRB'),
  ('01KNP89C5ZY6SD9M97YZVX31WH', '01KNP89C5ZQ88PG9EPB4XZPDRB'),
  ('01KNP89C5ZXY9DR19EWJVHNBFB', '01KNP89C5Z6WVD5XFDQ1EJB5R9'),
  ('01KNP89C5Z2XP0BHJRG8YJ5GDW', '01KNP89C5Z6WVD5XFDQ1EJB5R9'),
  ('01KNP89C5ZE8AP6SN0YZHW30GC', '01KNP89C5Z6WVD5XFDQ1EJB5R9'),
  ('01KNP89C5ZFR123M1C5YX6X5HH', '01KNP89C5Z6WVD5XFDQ1EJB5R9'),
  ('01KNP89C5ZTCSCK3DH9C393QEZ', '01KNP89C5Z6WVD5XFDQ1EJB5R9'),
  ('01KNP89C5ZY6Y9JQME7JVSCQEX', '01KNP89C5Z6WVD5XFDQ1EJB5R9'),
  ('01KNP89C5Z6QH3ZSS4ZZWCTPX8', '01KNP89C5Z6WVD5XFDQ1EJB5R9'),
  ('01KNP89C5Z9MFMHK8SNBF4EPC0', '01KNP89C5Z6WVD5XFDQ1EJB5R9'),
  ('01KNP89C5ZMP6NHJ6P0VV1BPZZ', '01KNP89C5Z6WVD5XFDQ1EJB5R9'),
  ('01KNP89C5ZG90MN5DD6FBEWV10', '01KNP89C5Z6WVD5XFDQ1EJB5R9'),
  ('01KNP89C5ZH5QCKCHSNN96QGRE', '01KNP89C5Z6WVD5XFDQ1EJB5R9'),
  ('01KNP89C5Z9TPFPE6PZZ6Z2G9F', '01KNP89C5Z6WVD5XFDQ1EJB5R9'),
  ('01KNP89C5ZRPJ8TJGR8RMFXMTB', '01KNP89C5Z6WVD5XFDQ1EJB5R9'),
  ('01KNP89C5Z2JV1EZ7X4T2PNCHE', '01KNP89C5Z6WVD5XFDQ1EJB5R9'),
  ('01KNP89C5ZT1N3G6H478XZJN7H', '01KNP89C5Z6WVD5XFDQ1EJB5R9'),
  ('01KNP89C5ZZ8ZY0JG5S93EAS3G', '01KNP89C5ZTSSWH4WC3Q3EAWQF'),
  ('01KNP89C5Z80TDA2JM56XAKXWV', '01KNP89C5ZTSSWH4WC3Q3EAWQF'),
  ('01KNP89C5ZSRYK0GR8KDV3KJ9F', '01KNP89C5ZTSSWH4WC3Q3EAWQF'),
  ('01KNP89C5ZCEZBJCEPJ3K75EWD', '01KNP89C5ZTSSWH4WC3Q3EAWQF'),
  ('01KNP89C5ZXQMH8Y91N93K956C', '01KNP89C5ZTSSWH4WC3Q3EAWQF'),
  ('01KNP89C5ZVC538F9PM4N47KY0', '01KNP89C5ZTSSWH4WC3Q3EAWQF'),
  ('01KNP89C5ZGE6R0WQM2719KQFR', '01KNP89C5ZTSSWH4WC3Q3EAWQF'),
  ('01KNP89C5Z68XBE4P63CPMJNGJ', '01KNP89C5ZTSSWH4WC3Q3EAWQF'),
  ('01KNP89C5ZBQZZY97J0K8NBV60', '01KNP89C5ZTSSWH4WC3Q3EAWQF'),
  ('01KNP89C5ZX8ZZJAVM6Z960YXE', '01KNP89C5ZTSSWH4WC3Q3EAWQF'),
  ('01KNP89C5ZKPQYAD8QAPPFXJCV', '01KNP89C5ZTSSWH4WC3Q3EAWQF'),
  ('01KNP89C5Z0BBD94GSNZ9D6SP9', '01KNP89C5ZTSSWH4WC3Q3EAWQF'),
  ('01KNP89C5ZDPK2GH6Q6E0TJJ2A', '01KNP89C5ZTSSWH4WC3Q3EAWQF'),
  ('01KNP89C5ZXXRRJM18A9TWT7CA', '01KNP89C5ZTSSWH4WC3Q3EAWQF'),
  ('01KNP89C5ZDT7ZWCG6Y9SP7KD4', '01KNP89C5ZTSSWH4WC3Q3EAWQF'),
  ('01KNP89C5Z4Q9ZWQAF8BVRTHWA', '01KNP89C5Z4QTJWC1EAXDMNKNA'),
  ('01KNP89C5ZBA92J8X469YSXTVR', '01KNP89C5Z4QTJWC1EAXDMNKNA'),
  ('01KNP89C5ZSPQTPA814YJNDBDS', '01KNP89C5Z4QTJWC1EAXDMNKNA'),
  ('01KNP89C5Z1NANG1CCCENNW0VF', '01KNP89C5Z4QTJWC1EAXDMNKNA'),
  ('01KNP89C5ZT2E9YRTRRG724YX5', '01KNP89C5Z4QTJWC1EAXDMNKNA'),
  ('01KNP89C5ZAQMF7QWGB7XWASJD', '01KNP89C5Z4QTJWC1EAXDMNKNA'),
  ('01KNP89C5ZSHBAB1FTM9X9ZM9G', '01KNP89C5Z4QTJWC1EAXDMNKNA'),
  ('01KNP89C5ZXZ0A9EGMZ054C2Q8', '01KNP89C5Z4QTJWC1EAXDMNKNA'),
  ('01KNP89C5ZCRKHTGPZ67XMMSDY', '01KNP89C5Z4QTJWC1EAXDMNKNA'),
  ('01KNP89C5ZXG6N40P0ZDH5M3PH', '01KNP89C5Z4QTJWC1EAXDMNKNA'),
  ('01KNP89C5ZPA7RZKNEKJ4VTA0B', '01KNP89C5Z4QTJWC1EAXDMNKNA'),
  ('01KNP89C5ZFEM5XDBKKDDCHRHR', '01KNP89C5Z4QTJWC1EAXDMNKNA'),
  ('01KNP89C5ZH76G0MDWNVYY3BSP', '01KNP89C5Z4QTJWC1EAXDMNKNA'),
  ('01KNP89C5ZHJJN321EYPK2WSHG', '01KNP89C5Z4QTJWC1EAXDMNKNA'),
  ('01KNP89C5Z1S5K37BVSVBE2X82', '01KNP89C5Z4QTJWC1EAXDMNKNA');

-- ─── Teams (15) ─────────────────────────────────────────
INSERT INTO teams (id, name, group_id)
VALUES
  ('01KNP89C5ZAM11B2MQJJJM4XZ1', 'サムライスピリッツα', '01KNP89C5Z8MR1BZ7T6C5506FP'),
  ('01KNP89C5ZW8SMASGAX5E0A097', 'サムライスピリッツβ', '01KNP89C5Z8MR1BZ7T6C5506FP'),
  ('01KNP89C5Z6G2X0QRG11WY095N', 'サムライスピリッツγ', '01KNP89C5Z8MR1BZ7T6C5506FP'),
  ('01KNP89C5ZTJND1RS9WJHR49QP', 'なでしこドリームα', '01KNP89C5ZQ88PG9EPB4XZPDRB'),
  ('01KNP89C5ZNTWCK2RDG9PDGCZB', 'なでしこドリームβ', '01KNP89C5ZQ88PG9EPB4XZPDRB'),
  ('01KNP89C5ZWZG810SG2AJ98F00', 'なでしこドリームγ', '01KNP89C5ZQ88PG9EPB4XZPDRB'),
  ('01KNP89C5Z74H6T3KT45JSY3MR', 'ライジングサンα', '01KNP89C5Z6WVD5XFDQ1EJB5R9'),
  ('01KNP89C5ZAA6ENWF1842B5G3P', 'ライジングサンβ', '01KNP89C5Z6WVD5XFDQ1EJB5R9'),
  ('01KNP89C5Z57VDMNNMK1WXH6S2', 'ライジングサンγ', '01KNP89C5Z6WVD5XFDQ1EJB5R9'),
  ('01KNP89C5ZYPP0SXX1VT9QWA1H', 'ブルーフェニックスα', '01KNP89C5ZTSSWH4WC3Q3EAWQF'),
  ('01KNP89C5ZYP7G2KKKJ6SAZVXD', 'ブルーフェニックスβ', '01KNP89C5ZTSSWH4WC3Q3EAWQF'),
  ('01KNP89C5ZVDMCNK9WM3GPSDBE', 'ブルーフェニックスγ', '01KNP89C5ZTSSWH4WC3Q3EAWQF'),
  ('01KNP89C5ZPNQZQYERZ0CTX9DA', 'ゴールデンスターズα', '01KNP89C5Z4QTJWC1EAXDMNKNA'),
  ('01KNP89C5Z4DHT6VM63116KH4J', 'ゴールデンスターズβ', '01KNP89C5Z4QTJWC1EAXDMNKNA'),
  ('01KNP89C5Z4YFJCMWHTQDJB94T', 'ゴールデンスターズγ', '01KNP89C5Z4QTJWC1EAXDMNKNA');

-- ─── Team Users ─────────────────────────────────────────
INSERT INTO team_users (user_id, team_id)
VALUES
  ('01KNP89C5ZE4X68RBV92RV6HGM', '01KNP89C5ZAM11B2MQJJJM4XZ1'),
  ('01KNP89C5ZAQ8SKA6BSB87J2SY', '01KNP89C5ZAM11B2MQJJJM4XZ1'),
  ('01KNP89C5ZTY8P3VNZN2J3HMQF', '01KNP89C5ZAM11B2MQJJJM4XZ1'),
  ('01KNP89C5ZFJ622E4CVVS0JB55', '01KNP89C5ZAM11B2MQJJJM4XZ1'),
  ('01KNP89C5ZRVCNSH7DNK53VNDS', '01KNP89C5ZAM11B2MQJJJM4XZ1'),
  ('01KNP89C5ZR7B3479MXF68Y134', '01KNP89C5ZW8SMASGAX5E0A097'),
  ('01KNP89C5Z448FJYGK8QFGGDSX', '01KNP89C5ZW8SMASGAX5E0A097'),
  ('01KNP89C5ZGQV0VA7G6H4XCGSX', '01KNP89C5ZW8SMASGAX5E0A097'),
  ('01KNP89C5Z9G05P9ZRMP2AP3G5', '01KNP89C5ZW8SMASGAX5E0A097'),
  ('01KNP89C5ZCEB0R7R5VYQND2NG', '01KNP89C5ZW8SMASGAX5E0A097'),
  ('01KNP89C5ZY3JP2S7GC37GWMPW', '01KNP89C5Z6G2X0QRG11WY095N'),
  ('01KNP89C5ZHAACJ6BGQ9JRP42W', '01KNP89C5Z6G2X0QRG11WY095N'),
  ('01KNP89C5ZJH11ZVKFFGGDT6BH', '01KNP89C5Z6G2X0QRG11WY095N'),
  ('01KNP89C5Z0YMARA2NZXPCX3KE', '01KNP89C5Z6G2X0QRG11WY095N'),
  ('01KNP89C5Z8H3HK4D13JK28BTC', '01KNP89C5Z6G2X0QRG11WY095N'),
  ('01KNP89C5ZG9Y152MJR6AY3ZYD', '01KNP89C5ZTJND1RS9WJHR49QP'),
  ('01KNP89C5Z4ZKDAY6ZWB7NPVDN', '01KNP89C5ZTJND1RS9WJHR49QP'),
  ('01KNP89C5Z2R9VX6K9GSTZZF1J', '01KNP89C5ZTJND1RS9WJHR49QP'),
  ('01KNP89C5ZACX94X2R74BD9HCY', '01KNP89C5ZTJND1RS9WJHR49QP'),
  ('01KNP89C5ZSC9FKEGYKWVE9DAA', '01KNP89C5ZTJND1RS9WJHR49QP'),
  ('01KNP89C5ZFC3XNSSQHJVD4S36', '01KNP89C5ZNTWCK2RDG9PDGCZB'),
  ('01KNP89C5ZF60SRF4TQCVDCH5E', '01KNP89C5ZNTWCK2RDG9PDGCZB'),
  ('01KNP89C5ZVSGJTK8VTWSNHEVF', '01KNP89C5ZNTWCK2RDG9PDGCZB'),
  ('01KNP89C5ZYWKA0AG0VSZRZ1W5', '01KNP89C5ZNTWCK2RDG9PDGCZB'),
  ('01KNP89C5ZET5FQ42A2VQ5K5PP', '01KNP89C5ZNTWCK2RDG9PDGCZB'),
  ('01KNP89C5Z1VKPK645AGBJEMSY', '01KNP89C5ZWZG810SG2AJ98F00'),
  ('01KNP89C5Z02QTDZQV9CWSS7BK', '01KNP89C5ZWZG810SG2AJ98F00'),
  ('01KNP89C5ZXG8TNGV4Q18GZ3JT', '01KNP89C5ZWZG810SG2AJ98F00'),
  ('01KNP89C5ZB6F2Y0Z767XGKGCS', '01KNP89C5ZWZG810SG2AJ98F00'),
  ('01KNP89C5ZY6SD9M97YZVX31WH', '01KNP89C5ZWZG810SG2AJ98F00'),
  ('01KNP89C5ZXY9DR19EWJVHNBFB', '01KNP89C5Z74H6T3KT45JSY3MR'),
  ('01KNP89C5Z2XP0BHJRG8YJ5GDW', '01KNP89C5Z74H6T3KT45JSY3MR'),
  ('01KNP89C5ZE8AP6SN0YZHW30GC', '01KNP89C5Z74H6T3KT45JSY3MR'),
  ('01KNP89C5ZFR123M1C5YX6X5HH', '01KNP89C5Z74H6T3KT45JSY3MR'),
  ('01KNP89C5ZTCSCK3DH9C393QEZ', '01KNP89C5Z74H6T3KT45JSY3MR'),
  ('01KNP89C5ZY6Y9JQME7JVSCQEX', '01KNP89C5ZAA6ENWF1842B5G3P'),
  ('01KNP89C5Z6QH3ZSS4ZZWCTPX8', '01KNP89C5ZAA6ENWF1842B5G3P'),
  ('01KNP89C5Z9MFMHK8SNBF4EPC0', '01KNP89C5ZAA6ENWF1842B5G3P'),
  ('01KNP89C5ZMP6NHJ6P0VV1BPZZ', '01KNP89C5ZAA6ENWF1842B5G3P'),
  ('01KNP89C5ZG90MN5DD6FBEWV10', '01KNP89C5ZAA6ENWF1842B5G3P'),
  ('01KNP89C5ZH5QCKCHSNN96QGRE', '01KNP89C5Z57VDMNNMK1WXH6S2'),
  ('01KNP89C5Z9TPFPE6PZZ6Z2G9F', '01KNP89C5Z57VDMNNMK1WXH6S2'),
  ('01KNP89C5ZRPJ8TJGR8RMFXMTB', '01KNP89C5Z57VDMNNMK1WXH6S2'),
  ('01KNP89C5Z2JV1EZ7X4T2PNCHE', '01KNP89C5Z57VDMNNMK1WXH6S2'),
  ('01KNP89C5ZT1N3G6H478XZJN7H', '01KNP89C5Z57VDMNNMK1WXH6S2'),
  ('01KNP89C5ZZ8ZY0JG5S93EAS3G', '01KNP89C5ZYPP0SXX1VT9QWA1H'),
  ('01KNP89C5Z80TDA2JM56XAKXWV', '01KNP89C5ZYPP0SXX1VT9QWA1H'),
  ('01KNP89C5ZSRYK0GR8KDV3KJ9F', '01KNP89C5ZYPP0SXX1VT9QWA1H'),
  ('01KNP89C5ZCEZBJCEPJ3K75EWD', '01KNP89C5ZYPP0SXX1VT9QWA1H'),
  ('01KNP89C5ZXQMH8Y91N93K956C', '01KNP89C5ZYPP0SXX1VT9QWA1H'),
  ('01KNP89C5ZVC538F9PM4N47KY0', '01KNP89C5ZYP7G2KKKJ6SAZVXD'),
  ('01KNP89C5ZGE6R0WQM2719KQFR', '01KNP89C5ZYP7G2KKKJ6SAZVXD'),
  ('01KNP89C5Z68XBE4P63CPMJNGJ', '01KNP89C5ZYP7G2KKKJ6SAZVXD'),
  ('01KNP89C5ZBQZZY97J0K8NBV60', '01KNP89C5ZYP7G2KKKJ6SAZVXD'),
  ('01KNP89C5ZX8ZZJAVM6Z960YXE', '01KNP89C5ZYP7G2KKKJ6SAZVXD'),
  ('01KNP89C5ZKPQYAD8QAPPFXJCV', '01KNP89C5ZVDMCNK9WM3GPSDBE'),
  ('01KNP89C5Z0BBD94GSNZ9D6SP9', '01KNP89C5ZVDMCNK9WM3GPSDBE'),
  ('01KNP89C5ZDPK2GH6Q6E0TJJ2A', '01KNP89C5ZVDMCNK9WM3GPSDBE'),
  ('01KNP89C5ZXXRRJM18A9TWT7CA', '01KNP89C5ZVDMCNK9WM3GPSDBE'),
  ('01KNP89C5ZDT7ZWCG6Y9SP7KD4', '01KNP89C5ZVDMCNK9WM3GPSDBE'),
  ('01KNP89C5Z4Q9ZWQAF8BVRTHWA', '01KNP89C5ZPNQZQYERZ0CTX9DA'),
  ('01KNP89C5ZBA92J8X469YSXTVR', '01KNP89C5ZPNQZQYERZ0CTX9DA'),
  ('01KNP89C5ZSPQTPA814YJNDBDS', '01KNP89C5ZPNQZQYERZ0CTX9DA'),
  ('01KNP89C5Z1NANG1CCCENNW0VF', '01KNP89C5ZPNQZQYERZ0CTX9DA'),
  ('01KNP89C5ZT2E9YRTRRG724YX5', '01KNP89C5ZPNQZQYERZ0CTX9DA'),
  ('01KNP89C5ZAQMF7QWGB7XWASJD', '01KNP89C5Z4DHT6VM63116KH4J'),
  ('01KNP89C5ZSHBAB1FTM9X9ZM9G', '01KNP89C5Z4DHT6VM63116KH4J'),
  ('01KNP89C5ZXZ0A9EGMZ054C2Q8', '01KNP89C5Z4DHT6VM63116KH4J'),
  ('01KNP89C5ZCRKHTGPZ67XMMSDY', '01KNP89C5Z4DHT6VM63116KH4J'),
  ('01KNP89C5ZXG6N40P0ZDH5M3PH', '01KNP89C5Z4DHT6VM63116KH4J'),
  ('01KNP89C5ZPA7RZKNEKJ4VTA0B', '01KNP89C5Z4YFJCMWHTQDJB94T'),
  ('01KNP89C5ZFEM5XDBKKDDCHRHR', '01KNP89C5Z4YFJCMWHTQDJB94T'),
  ('01KNP89C5ZH76G0MDWNVYY3BSP', '01KNP89C5Z4YFJCMWHTQDJB94T'),
  ('01KNP89C5ZHJJN321EYPK2WSHG', '01KNP89C5Z4YFJCMWHTQDJB94T'),
  ('01KNP89C5Z1S5K37BVSVBE2X82', '01KNP89C5Z4YFJCMWHTQDJB94T');

-- ─── Information ────────────────────────────────────────
INSERT INTO information (id, title, content, status)
VALUES
  ('01KNP89C616Z24GAFVWGDK5TZ6', 'フットサル会場変更のお知らせ', '本日のフットサルの会場は雨天のため、グラウンドAから体育館に変更となります。参加チームは体育館に集合してください。', 'published'),
  ('01KNP89C61DNV7AZ59V7897560', 'バスケットボール試合スケジュール更新', 'バスケットボールリーグの第5試合・第6試合の時間が変更されました。新しいスケジュールを確認してください。', 'published'),
  ('01KNP89C61AECER1FD1N0Z60S7', '野球トーナメント決勝戦のご案内', '野球トーナメントの決勝戦は7月19日(土) 18:00からグラウンドBにて開催されます。応援よろしくお願いします。', 'published'),
  ('01KNP89C612Y75AXMP2Z6ZX04Y', 'アンケートのお願い（下書き）', 'スポーツデイ終了後にアンケートにご協力ください。QRコードは後日配布します。', 'draft');

-- ─── Sport Scenes ───────────────────────────────────────
INSERT INTO sport_scenes (id, scene_id, sport_id)
VALUES
  ('01KNP89C61VZW3FXSG3CFKE7R0', '01KNP89C5ZYX3JDAJDFQ7BBSNG', '01KNP89C5Z5J4KD9RWA1EWJJ22'),
  ('01KNP89C618EBH1F587KH0XN4F', '01KNP89C5Z4DHP4GVGQE0X6QQN', '01KNP89C5Z5J4KD9RWA1EWJJ22'),
  ('01KNP89C61GZ5AB5W0GV2MREV1', '01KNP89C5ZYX3JDAJDFQ7BBSNG', '01KNP89C5ZZ1PTDGV7JC1HVRNM'),
  ('01KNP89C6105EQH656C03Q8F2Q', '01KNP89C5Z4DHP4GVGQE0X6QQN', '01KNP89C5ZZ1PTDGV7JC1HVRNM'),
  ('01KNP89C614TQYBSAD7GNHAK94', '01KNP89C5ZYX3JDAJDFQ7BBSNG', '01KNP89C5ZM6JTSS44Z59FTZR1'),
  ('01KNP89C61M8SJ81WY1E0MTPS8', '01KNP89C5ZYX3JDAJDFQ7BBSNG', '01KNP89C5ZFYSX39219H5RV6VV'),
  ('01KNP89C61VNCWTDEHS0JEX61G', '01KNP89C5Z4DHP4GVGQE0X6QQN', '01KNP89C5ZFYSX39219H5RV6VV'),
  ('01KNP89C6116TEVYCW4JD5CJM8', '01KNP89C5ZYX3JDAJDFQ7BBSNG', '01KNP89C5ZN6JDPEXV6H1J0001'),
  ('01KNP89C61M08VCW6J7VQXG4KX', '01KNP89C5ZYX3JDAJDFQ7BBSNG', '01KNP89C5Z0XW0T3E8F180ZA07'),
  ('01KNP89C61P9ZHTA0FYH69A6G4', '01KNP89C5ZYX3JDAJDFQ7BBSNG', '01KNP89C5Z30B6MSYNZ3DRXF8T'),
  ('01KNP89C61RR9MR382EWBCR9BM', '01KNP89C5Z4DHP4GVGQE0X6QQN', '01KNP89C5Z30B6MSYNZ3DRXF8T'),
  ('01KNPP7MG6917EZMBAJMS9Q4D8', '01KNP89C5ZYX3JDAJDFQ7BBSNG', '01KNPP7MFGTSWCMP9HXBVNQ4VY'),
  ('01KNPP7MG8NXHRSG1S0RPJPKN4', '01KNP89C5ZYX3JDAJDFQ7BBSNG', '01KNPP7MFHC35D4VKTJPY5ZAZQ'),
  ('01KNPP7MGACQVSXK24KCNPATMJ', '01KNP89C5ZYX3JDAJDFQ7BBSNG', '01KNPP7MFKC4JJ9HS1KV19H579'),
  ('01KNPP7MGCBDGF989NPXCQFJ7H', '01KNP89C5ZYX3JDAJDFQ7BBSNG', '01KNPP7MFPA1B54GV91DVAXKX9'),
  ('01KNPP7MGEWG06Z1CKQ4AKP29T', '01KNP89C5ZYX3JDAJDFQ7BBSNG', '01KNPP7MFR6XGAMAKTS8QG283B'),
  ('01KNPP7MGGT748FD3NGJFR8FK5', '01KNP89C5ZYX3JDAJDFQ7BBSNG', '01KNPP7MFTCZ609ARBYNPBWB19'),
  ('01KNPP7MGJV3F09EYPKFJHG63W', '01KNP89C5ZYX3JDAJDFQ7BBSNG', '01KNPP7MFV5FQMDZS9GYZX2VWA'),
  ('01KNPP7MGMPQY4JVTVP8NGB7R7', '01KNP89C5ZYX3JDAJDFQ7BBSNG', '01KNPP7MFXSTE8BD07657AE1TN'),
  ('01KNPP7MGPJFQN4DS8MXR6B6JR', '01KNP89C5Z4DHP4GVGQE0X6QQN', '01KNPP7MFZH4AKWYVXD34YDQ0J'),
  ('01KNPP7MGR42GP6YT2AM6CQNQS', '01KNP89C5ZYX3JDAJDFQ7BBSNG', '01KNPP7MG1GCQ1Q2J4W5C4GH1N'),
  ('01KNPP7MGSHX92NSNWPEZA5N8G', '01KNP89C5ZYX3JDAJDFQ7BBSNG', '01KNPP7MG24HRAM5YAXD5M8BXR'),
  ('01KNPP7MGV4X97D093PAN1MTSD', '01KNP89C5ZYX3JDAJDFQ7BBSNG', '01KNPP7MG49RB71HS5C5JWSEVY');

-- ─── Sport Entries ──────────────────────────────────────
INSERT INTO sport_entries (id, sport_scene_id, team_id)
VALUES
  ('01KNP89C61ZE1HDWT1RCVSKT5R', '01KNP89C61VZW3FXSG3CFKE7R0', '01KNP89C5ZAM11B2MQJJJM4XZ1'),
  ('01KNP89C61J2WGW8YT1SQSSM01', '01KNP89C61VZW3FXSG3CFKE7R0', '01KNP89C5ZTJND1RS9WJHR49QP'),
  ('01KNP89C61P16H2XBHPAKZF2KV', '01KNP89C61VZW3FXSG3CFKE7R0', '01KNP89C5Z74H6T3KT45JSY3MR'),
  ('01KNP89C61ZDVJ6WHF5WX6GP99', '01KNP89C61VZW3FXSG3CFKE7R0', '01KNP89C5ZYPP0SXX1VT9QWA1H'),
  ('01KNP89C61K3J2ZDZWCA37E2ZQ', '01KNP89C61VZW3FXSG3CFKE7R0', '01KNP89C5ZPNQZQYERZ0CTX9DA'),
  ('01KNP89C61G7YQAFAYYW4DWY18', '01KNP89C61GZ5AB5W0GV2MREV1', '01KNP89C5ZW8SMASGAX5E0A097'),
  ('01KNP89C61BAMB1N29NAQ0Q8CY', '01KNP89C61GZ5AB5W0GV2MREV1', '01KNP89C5ZNTWCK2RDG9PDGCZB'),
  ('01KNP89C618KC6ND3N98XB1DZ3', '01KNP89C61GZ5AB5W0GV2MREV1', '01KNP89C5ZAA6ENWF1842B5G3P'),
  ('01KNP89C61K4GYPG4KA16D782Q', '01KNP89C61GZ5AB5W0GV2MREV1', '01KNP89C5ZYP7G2KKKJ6SAZVXD');

-- ─── Rules ──────────────────────────────────────────────
INSERT INTO rules (id, rule, sport_id)
VALUES
  ('01KNP89C61V0BYNFS7047CN68S', '危険行為（暴力、悪質なファウル等）は厳禁です。違反した場合は退場となります。', '01KNP89C5Z5J4KD9RWA1EWJJ22'),
  ('01KNP89C61V0QWJNF2CYZAK5C8', 'トラベリング、ダブルドリブル等の基本ルールに従ってください。', '01KNP89C5ZZ1PTDGV7JC1HVRNM'),
  ('01KNP89C619WP2KFAFMGJ37X74', '試合中のラケット投げは即退場とします。スポーツマンシップを守ってください。', '01KNP89C5Z30B6MSYNZ3DRXF8T');

-- ─── Ranking Rules ──────────────────────────────────────
INSERT INTO ranking_rules (sport_id, condition_key, priority)
VALUES
  ('01KNP89C5Z5J4KD9RWA1EWJJ22', 'WIN_POINTS', 1),
  ('01KNP89C5Z5J4KD9RWA1EWJJ22', 'GOAL_DIFF', 2),
  ('01KNP89C5Z5J4KD9RWA1EWJJ22', 'TOTAL_GOALS', 3),
  ('01KNP89C5Z5J4KD9RWA1EWJJ22', 'HEAD_TO_HEAD', 4),
  ('01KNP89C5ZZ1PTDGV7JC1HVRNM', 'WIN_POINTS', 1),
  ('01KNP89C5ZZ1PTDGV7JC1HVRNM', 'TOTAL_GOALS', 2),
  ('01KNP89C5ZZ1PTDGV7JC1HVRNM', 'GOAL_DIFF', 3);

-- ─── Competitions (8) ───────────────────────────────────
INSERT INTO competitions (id, name, type, scene_id, sport_id)
VALUES
  ('01KNP89C60G1JDXQXQZXWNVXRN', 'フットサル予選Aリーグ', 'LEAGUE', '01KNP89C5ZYX3JDAJDFQ7BBSNG', '01KNP89C5Z5J4KD9RWA1EWJJ22'),
  ('01KNP89C60GQJQCS7ADNENJ2G5', 'バスケットボールリーグ', 'LEAGUE', '01KNP89C5ZYX3JDAJDFQ7BBSNG', '01KNP89C5ZZ1PTDGV7JC1HVRNM'),
  ('01KNP89C605ZZF7BKSY8ECKWBK', '卓球リーグ', 'LEAGUE', '01KNP89C5ZYX3JDAJDFQ7BBSNG', '01KNP89C5Z0XW0T3E8F180ZA07'),
  ('01KNP89C60B7MHZFDS7XYQ1EXR', 'バドミントンリーグ', 'LEAGUE', '01KNP89C5Z4DHP4GVGQE0X6QQN', '01KNP89C5Z30B6MSYNZ3DRXF8T'),
  ('01KNP89C60ZRHZHHKDWD3B1A65', 'フットサル決勝トーナメント', 'TOURNAMENT', '01KNP89C5ZYX3JDAJDFQ7BBSNG', '01KNP89C5Z5J4KD9RWA1EWJJ22'),
  ('01KNP89C604C0VHRXFJ2CR9WVQ', '野球トーナメント', 'TOURNAMENT', '01KNP89C5ZYX3JDAJDFQ7BBSNG', '01KNP89C5ZM6JTSS44Z59FTZR1'),
  ('01KNP89C608WEE35W3GWY42PH3', 'テニストーナメント', 'TOURNAMENT', '01KNP89C5ZYX3JDAJDFQ7BBSNG', '01KNP89C5ZN6JDPEXV6H1J0001'),
  ('01KNP89C60A4C9AZYBR1SXTRGA', 'ビーチバレートーナメント', 'TOURNAMENT', '01KNP89C5Z4DHP4GVGQE0X6QQN', '01KNP89C5ZFYSX39219H5RV6VV'),
  ('01KNPP7M8D7AD5EVN32N72QK60', '水泳リーグ', 'LEAGUE', '01KNP89C5ZYX3JDAJDFQ7BBSNG', '01KNPP7MFGTSWCMP9HXBVNQ4VY'),
  ('01KNPP7M8ERF76664J445AT5QF', 'ドッジボールリーグ', 'LEAGUE', '01KNP89C5ZYX3JDAJDFQ7BBSNG', '01KNPP7MFHC35D4VKTJPY5ZAZQ'),
  ('01KNPP7M8G8X9PA7JXJCMMDHK1', 'バレーボールトーナメント', 'TOURNAMENT', '01KNP89C5ZYX3JDAJDFQ7BBSNG', '01KNPP7MFKC4JJ9HS1KV19H579'),
  ('01KNPP7M8JMPM1CQ88KF311WDV', 'サッカーリーグ', 'LEAGUE', '01KNP89C5ZYX3JDAJDFQ7BBSNG', '01KNPP7MFPA1B54GV91DVAXKX9'),
  ('01KNPP7M8M3D4HW644KAVTVZ3J', 'ハンドボールリーグ', 'LEAGUE', '01KNP89C5ZYX3JDAJDFQ7BBSNG', '01KNPP7MFR6XGAMAKTS8QG283B'),
  ('01KNPP7M8PKX6EEPNPQJQXQ5H8', '陸上競技トーナメント', 'TOURNAMENT', '01KNP89C5ZYX3JDAJDFQ7BBSNG', '01KNPP7MFTCZ609ARBYNPBWB19'),
  ('01KNPP7M8SM7545TRC8EXZ59TN', '柔道トーナメント', 'TOURNAMENT', '01KNP89C5ZYX3JDAJDFQ7BBSNG', '01KNPP7MFV5FQMDZS9GYZX2VWA'),
  ('01KNPP7M8VGY249B09ZXSNCDWH', '剣道トーナメント', 'TOURNAMENT', '01KNP89C5ZYX3JDAJDFQ7BBSNG', '01KNPP7MFXSTE8BD07657AE1TN'),
  ('01KNPP7M8WHC679MJGVVF7KAER', '空手リーグ', 'LEAGUE', '01KNP89C5Z4DHP4GVGQE0X6QQN', '01KNPP7MFZH4AKWYVXD34YDQ0J'),
  ('01KNPP7M8ZYPBKCV1DX5FCE64A', 'ソフトボールリーグ', 'LEAGUE', '01KNP89C5ZYX3JDAJDFQ7BBSNG', '01KNPP7MG1GCQ1Q2J4W5C4GH1N'),
  ('01KNPP7M91TSNM75BHZHT5YR84', 'ラグビートーナメント', 'TOURNAMENT', '01KNP89C5ZYX3JDAJDFQ7BBSNG', '01KNPP7MG24HRAM5YAXD5M8BXR'),
  ('01KNPP7M920P045PR1GAF4E01K', 'アーチェリーリーグ', 'LEAGUE', '01KNP89C5ZYX3JDAJDFQ7BBSNG', '01KNPP7MG49RB71HS5C5JWSEVY');

-- ─── Competition Entries ────────────────────────────────
INSERT INTO competition_entries (competition_id, team_id)
VALUES
  ('01KNP89C60G1JDXQXQZXWNVXRN', '01KNP89C5ZAM11B2MQJJJM4XZ1'),
  ('01KNP89C60G1JDXQXQZXWNVXRN', '01KNP89C5ZTJND1RS9WJHR49QP'),
  ('01KNP89C60G1JDXQXQZXWNVXRN', '01KNP89C5Z74H6T3KT45JSY3MR'),
  ('01KNP89C60G1JDXQXQZXWNVXRN', '01KNP89C5ZYPP0SXX1VT9QWA1H'),
  ('01KNP89C60G1JDXQXQZXWNVXRN', '01KNP89C5ZPNQZQYERZ0CTX9DA'),
  ('01KNP89C60GQJQCS7ADNENJ2G5', '01KNP89C5ZW8SMASGAX5E0A097'),
  ('01KNP89C60GQJQCS7ADNENJ2G5', '01KNP89C5ZNTWCK2RDG9PDGCZB'),
  ('01KNP89C60GQJQCS7ADNENJ2G5', '01KNP89C5ZAA6ENWF1842B5G3P'),
  ('01KNP89C60GQJQCS7ADNENJ2G5', '01KNP89C5ZYP7G2KKKJ6SAZVXD'),
  ('01KNP89C605ZZF7BKSY8ECKWBK', '01KNP89C5Z6G2X0QRG11WY095N'),
  ('01KNP89C605ZZF7BKSY8ECKWBK', '01KNP89C5ZWZG810SG2AJ98F00'),
  ('01KNP89C605ZZF7BKSY8ECKWBK', '01KNP89C5Z57VDMNNMK1WXH6S2'),
  ('01KNP89C605ZZF7BKSY8ECKWBK', '01KNP89C5ZVDMCNK9WM3GPSDBE'),
  ('01KNP89C60B7MHZFDS7XYQ1EXR', '01KNP89C5ZAM11B2MQJJJM4XZ1'),
  ('01KNP89C60B7MHZFDS7XYQ1EXR', '01KNP89C5ZNTWCK2RDG9PDGCZB'),
  ('01KNP89C60B7MHZFDS7XYQ1EXR', '01KNP89C5Z57VDMNNMK1WXH6S2'),
  ('01KNP89C60B7MHZFDS7XYQ1EXR', '01KNP89C5ZYPP0SXX1VT9QWA1H'),
  ('01KNP89C60B7MHZFDS7XYQ1EXR', '01KNP89C5Z4DHT6VM63116KH4J'),
  ('01KNP89C60ZRHZHHKDWD3B1A65', '01KNP89C5ZAM11B2MQJJJM4XZ1'),
  ('01KNP89C60ZRHZHHKDWD3B1A65', '01KNP89C5ZTJND1RS9WJHR49QP'),
  ('01KNP89C60ZRHZHHKDWD3B1A65', '01KNP89C5Z74H6T3KT45JSY3MR'),
  ('01KNP89C60ZRHZHHKDWD3B1A65', '01KNP89C5ZYPP0SXX1VT9QWA1H'),
  ('01KNP89C604C0VHRXFJ2CR9WVQ', '01KNP89C5ZAM11B2MQJJJM4XZ1'),
  ('01KNP89C604C0VHRXFJ2CR9WVQ', '01KNP89C5ZW8SMASGAX5E0A097'),
  ('01KNP89C604C0VHRXFJ2CR9WVQ', '01KNP89C5ZTJND1RS9WJHR49QP'),
  ('01KNP89C604C0VHRXFJ2CR9WVQ', '01KNP89C5ZNTWCK2RDG9PDGCZB'),
  ('01KNP89C604C0VHRXFJ2CR9WVQ', '01KNP89C5Z74H6T3KT45JSY3MR'),
  ('01KNP89C604C0VHRXFJ2CR9WVQ', '01KNP89C5ZAA6ENWF1842B5G3P'),
  ('01KNP89C604C0VHRXFJ2CR9WVQ', '01KNP89C5ZYPP0SXX1VT9QWA1H'),
  ('01KNP89C604C0VHRXFJ2CR9WVQ', '01KNP89C5ZYP7G2KKKJ6SAZVXD'),
  ('01KNP89C608WEE35W3GWY42PH3', '01KNP89C5Z6G2X0QRG11WY095N'),
  ('01KNP89C608WEE35W3GWY42PH3', '01KNP89C5ZWZG810SG2AJ98F00'),
  ('01KNP89C608WEE35W3GWY42PH3', '01KNP89C5Z57VDMNNMK1WXH6S2'),
  ('01KNP89C608WEE35W3GWY42PH3', '01KNP89C5Z4YFJCMWHTQDJB94T'),
  ('01KNP89C60A4C9AZYBR1SXTRGA', '01KNP89C5ZW8SMASGAX5E0A097'),
  ('01KNP89C60A4C9AZYBR1SXTRGA', '01KNP89C5ZAA6ENWF1842B5G3P'),
  ('01KNP89C60A4C9AZYBR1SXTRGA', '01KNP89C5ZYP7G2KKKJ6SAZVXD'),
  ('01KNP89C60A4C9AZYBR1SXTRGA', '01KNP89C5Z4DHT6VM63116KH4J'),
  ('01KNPP7M8D7AD5EVN32N72QK60', '01KNP89C5ZAM11B2MQJJJM4XZ1'),
  ('01KNPP7M8D7AD5EVN32N72QK60', '01KNP89C5ZTJND1RS9WJHR49QP'),
  ('01KNPP7M8D7AD5EVN32N72QK60', '01KNP89C5Z74H6T3KT45JSY3MR'),
  ('01KNPP7M8D7AD5EVN32N72QK60', '01KNP89C5ZYPP0SXX1VT9QWA1H'),
  ('01KNPP7M8ERF76664J445AT5QF', '01KNP89C5ZW8SMASGAX5E0A097'),
  ('01KNPP7M8ERF76664J445AT5QF', '01KNP89C5ZNTWCK2RDG9PDGCZB'),
  ('01KNPP7M8ERF76664J445AT5QF', '01KNP89C5ZAA6ENWF1842B5G3P'),
  ('01KNPP7M8ERF76664J445AT5QF', '01KNP89C5ZPNQZQYERZ0CTX9DA'),
  ('01KNPP7M8JMPM1CQ88KF311WDV', '01KNP89C5Z6G2X0QRG11WY095N'),
  ('01KNPP7M8JMPM1CQ88KF311WDV', '01KNP89C5ZWZG810SG2AJ98F00'),
  ('01KNPP7M8JMPM1CQ88KF311WDV', '01KNP89C5Z57VDMNNMK1WXH6S2'),
  ('01KNPP7M8JMPM1CQ88KF311WDV', '01KNP89C5ZVDMCNK9WM3GPSDBE'),
  ('01KNPP7M8M3D4HW644KAVTVZ3J', '01KNP89C5ZAM11B2MQJJJM4XZ1'),
  ('01KNPP7M8M3D4HW644KAVTVZ3J', '01KNP89C5ZNTWCK2RDG9PDGCZB'),
  ('01KNPP7M8M3D4HW644KAVTVZ3J', '01KNP89C5Z57VDMNNMK1WXH6S2'),
  ('01KNPP7M8M3D4HW644KAVTVZ3J', '01KNP89C5Z4DHT6VM63116KH4J'),
  ('01KNPP7M8WHC679MJGVVF7KAER', '01KNP89C5ZYP7G2KKKJ6SAZVXD'),
  ('01KNPP7M8WHC679MJGVVF7KAER', '01KNP89C5ZVDMCNK9WM3GPSDBE'),
  ('01KNPP7M8WHC679MJGVVF7KAER', '01KNP89C5ZPNQZQYERZ0CTX9DA'),
  ('01KNPP7M8WHC679MJGVVF7KAER', '01KNP89C5Z4YFJCMWHTQDJB94T'),
  ('01KNPP7M8ZYPBKCV1DX5FCE64A', '01KNP89C5ZW8SMASGAX5E0A097'),
  ('01KNPP7M8ZYPBKCV1DX5FCE64A', '01KNP89C5ZTJND1RS9WJHR49QP'),
  ('01KNPP7M8ZYPBKCV1DX5FCE64A', '01KNP89C5Z74H6T3KT45JSY3MR'),
  ('01KNPP7M8ZYPBKCV1DX5FCE64A', '01KNP89C5ZYP7G2KKKJ6SAZVXD'),
  ('01KNPP7M920P045PR1GAF4E01K', '01KNP89C5Z6G2X0QRG11WY095N'),
  ('01KNPP7M920P045PR1GAF4E01K', '01KNP89C5ZWZG810SG2AJ98F00'),
  ('01KNPP7M920P045PR1GAF4E01K', '01KNP89C5ZPNQZQYERZ0CTX9DA'),
  ('01KNPP7M920P045PR1GAF4E01K', '01KNP89C5Z4YFJCMWHTQDJB94T');

-- ─── Leagues ────────────────────────────────────────────
INSERT INTO leagues (id, win_pt, draw_pt, lose_pt)
VALUES
  ('01KNP89C60G1JDXQXQZXWNVXRN', 3, 1, 0),
  ('01KNP89C60GQJQCS7ADNENJ2G5', 2, 1, 0),
  ('01KNP89C605ZZF7BKSY8ECKWBK', 3, 1, 0),
  ('01KNP89C60B7MHZFDS7XYQ1EXR', 3, 1, 0),
  ('01KNPP7M8D7AD5EVN32N72QK60', 3, 1, 0),
  ('01KNPP7M8ERF76664J445AT5QF', 3, 1, 0),
  ('01KNPP7M8JMPM1CQ88KF311WDV', 3, 1, 0),
  ('01KNPP7M8M3D4HW644KAVTVZ3J', 2, 1, 0),
  ('01KNPP7M8WHC679MJGVVF7KAER', 3, 1, 0),
  ('01KNPP7M8ZYPBKCV1DX5FCE64A', 3, 1, 0),
  ('01KNPP7M920P045PR1GAF4E01K', 3, 1, 0);

-- ─── Matches ────────────────────────────────────────────
INSERT INTO matches (id, time, status, location_id, competition_id, winner_team_id)
VALUES
  ('01KNP89C60B29CVP0JDH89W1GV', '2025-07-15 09:00:00', 'FINISHED', '01KNP89C5ZXF842HH3167YBEP5', '01KNP89C60G1JDXQXQZXWNVXRN', '01KNP89C5ZAM11B2MQJJJM4XZ1'),
  ('01KNP89C601RGV1DR9Z5348HFX', '2025-07-15 10:30:00', 'FINISHED', '01KNP89C5Z6XCD2YVERS890T9T', '01KNP89C60G1JDXQXQZXWNVXRN', '01KNP89C5ZAM11B2MQJJJM4XZ1'),
  ('01KNP89C60BBVCG34XX4JDNT5F', '2025-07-15 12:00:00', 'FINISHED', '01KNP89C5ZXF842HH3167YBEP5', '01KNP89C60G1JDXQXQZXWNVXRN', NULL),
  ('01KNP89C60NDQG67RDDW0V8V8S', '2025-07-15 13:30:00', 'FINISHED', '01KNP89C5Z6XCD2YVERS890T9T', '01KNP89C60G1JDXQXQZXWNVXRN', '01KNP89C5ZPNQZQYERZ0CTX9DA'),
  ('01KNP89C60TAYXMQX5MSY3CFF4', '2025-07-15 15:00:00', 'FINISHED', '01KNP89C5ZXF842HH3167YBEP5', '01KNP89C60G1JDXQXQZXWNVXRN', '01KNP89C5ZTJND1RS9WJHR49QP'),
  ('01KNP89C60SKRFH0ZEZR0DCK03', '2025-07-15 16:30:00', 'FINISHED', '01KNP89C5Z6XCD2YVERS890T9T', '01KNP89C60G1JDXQXQZXWNVXRN', NULL),
  ('01KNP89C60MBE5QPM9JEJCB64W', '2025-07-15 18:00:00', 'FINISHED', '01KNP89C5ZXF842HH3167YBEP5', '01KNP89C60G1JDXQXQZXWNVXRN', '01KNP89C5ZPNQZQYERZ0CTX9DA'),
  ('01KNP89C601RGV15ACA820387Z', '2025-07-15 19:30:00', 'FINISHED', '01KNP89C5Z6XCD2YVERS890T9T', '01KNP89C60G1JDXQXQZXWNVXRN', '01KNP89C5Z74H6T3KT45JSY3MR'),
  ('01KNP89C60ZDYWEEY6BDBFSW11', '2025-07-15 21:00:00', 'FINISHED', '01KNP89C5ZXF842HH3167YBEP5', '01KNP89C60G1JDXQXQZXWNVXRN', '01KNP89C5ZPNQZQYERZ0CTX9DA'),
  ('01KNP89C60KBYZ8YSYA0Y0DW6A', '2025-07-15 22:30:00', 'FINISHED', '01KNP89C5Z6XCD2YVERS890T9T', '01KNP89C60G1JDXQXQZXWNVXRN', '01KNP89C5ZYPP0SXX1VT9QWA1H'),
  ('01KNP89C60DSAKP5AFWTY7D4JJ', '2025-07-16 10:00:00', 'FINISHED', '01KNP89C5ZW7AR7K07PTDRSCAA', '01KNP89C60GQJQCS7ADNENJ2G5', '01KNP89C5ZW8SMASGAX5E0A097'),
  ('01KNP89C60SP1NY3002K00E1SC', '2025-07-16 12:00:00', 'FINISHED', '01KNP89C5ZW7AR7K07PTDRSCAA', '01KNP89C60GQJQCS7ADNENJ2G5', '01KNP89C5ZW8SMASGAX5E0A097'),
  ('01KNP89C605Q98XXGW8DGA86JF', '2025-07-16 14:00:00', 'FINISHED', '01KNP89C5ZW7AR7K07PTDRSCAA', '01KNP89C60GQJQCS7ADNENJ2G5', '01KNP89C5ZYP7G2KKKJ6SAZVXD'),
  ('01KNP89C60E5824N9EWDGVEG7F', '2025-07-16 16:00:00', 'FINISHED', '01KNP89C5ZW7AR7K07PTDRSCAA', '01KNP89C60GQJQCS7ADNENJ2G5', '01KNP89C5ZNTWCK2RDG9PDGCZB'),
  ('01KNP89C60WWJKS6X8E3EW1XEC', '2025-07-16 18:00:00', 'ONGOING', '01KNP89C5ZW7AR7K07PTDRSCAA', '01KNP89C60GQJQCS7ADNENJ2G5', NULL),
  ('01KNP89C60YVK74KQGV85JXYHN', '2025-07-16 20:00:00', 'STANDBY', '01KNP89C5ZW7AR7K07PTDRSCAA', '01KNP89C60GQJQCS7ADNENJ2G5', NULL),
  ('01KNP89C605YZMHA4T6XZED88C', '2025-07-18 09:00:00', 'STANDBY', '01KNP89C5ZV0KP3T1FMH7ME28F', '01KNP89C605ZZF7BKSY8ECKWBK', NULL),
  ('01KNP89C60AM28RB1NHG799GJV', '2025-07-18 10:00:00', 'STANDBY', '01KNP89C5ZV0KP3T1FMH7ME28F', '01KNP89C605ZZF7BKSY8ECKWBK', NULL),
  ('01KNP89C607B145XDTHXR3QPT8', '2025-07-18 11:00:00', 'STANDBY', '01KNP89C5ZV0KP3T1FMH7ME28F', '01KNP89C605ZZF7BKSY8ECKWBK', NULL),
  ('01KNP89C602AEBMPPJR8BYA0X2', '2025-07-18 12:00:00', 'STANDBY', '01KNP89C5ZV0KP3T1FMH7ME28F', '01KNP89C605ZZF7BKSY8ECKWBK', NULL),
  ('01KNP89C60NW3B9W3ERZ361J7S', '2025-07-18 13:00:00', 'STANDBY', '01KNP89C5ZV0KP3T1FMH7ME28F', '01KNP89C605ZZF7BKSY8ECKWBK', NULL),
  ('01KNP89C60TVYM4KF9P2PXB5VZ', '2025-07-18 14:00:00', 'STANDBY', '01KNP89C5ZV0KP3T1FMH7ME28F', '01KNP89C605ZZF7BKSY8ECKWBK', NULL),
  ('01KNP89C609DMBNFY5MKS1SNN0', '2025-07-17 09:00:00', 'FINISHED', '01KNP89C5ZZZ71SHHXQW9800G5', '01KNP89C60B7MHZFDS7XYQ1EXR', '01KNP89C5ZAM11B2MQJJJM4XZ1'),
  ('01KNP89C6075VGHTQQ5090YA50', '2025-07-17 10:30:00', 'FINISHED', '01KNP89C5ZZZ71SHHXQW9800G5', '01KNP89C60B7MHZFDS7XYQ1EXR', '01KNP89C5ZAM11B2MQJJJM4XZ1'),
  ('01KNP89C60P6F5X62T0ZR3P5CN', '2025-07-17 12:00:00', 'FINISHED', '01KNP89C5ZZZ71SHHXQW9800G5', '01KNP89C60B7MHZFDS7XYQ1EXR', '01KNP89C5ZYPP0SXX1VT9QWA1H'),
  ('01KNP89C60DHTRQPRD9K76HRGC', '2025-07-17 13:30:00', 'FINISHED', '01KNP89C5ZZZ71SHHXQW9800G5', '01KNP89C60B7MHZFDS7XYQ1EXR', '01KNP89C5ZAM11B2MQJJJM4XZ1'),
  ('01KNP89C60QJPF5RCF8M5MWH51', '2025-07-17 15:00:00', 'FINISHED', '01KNP89C5ZZZ71SHHXQW9800G5', '01KNP89C60B7MHZFDS7XYQ1EXR', '01KNP89C5Z57VDMNNMK1WXH6S2'),
  ('01KNP89C6007E0GFKEN3FXMJY6', '2025-07-17 16:30:00', 'FINISHED', '01KNP89C5ZZZ71SHHXQW9800G5', '01KNP89C60B7MHZFDS7XYQ1EXR', '01KNP89C5ZNTWCK2RDG9PDGCZB'),
  ('01KNP89C60AA5ZFEHK7V6B9JBX', '2025-07-17 18:00:00', 'FINISHED', '01KNP89C5ZZZ71SHHXQW9800G5', '01KNP89C60B7MHZFDS7XYQ1EXR', '01KNP89C5ZNTWCK2RDG9PDGCZB'),
  ('01KNP89C60GV5T2M90QWFWFW80', '2025-07-17 19:30:00', 'ONGOING', '01KNP89C5ZZZ71SHHXQW9800G5', '01KNP89C60B7MHZFDS7XYQ1EXR', NULL),
  ('01KNP89C60108DQJBTXB2BDNTZ', '2025-07-17 21:00:00', 'ONGOING', '01KNP89C5ZZZ71SHHXQW9800G5', '01KNP89C60B7MHZFDS7XYQ1EXR', NULL),
  ('01KNP89C60TMB8A551AQ38XK6M', '2025-07-17 22:30:00', 'STANDBY', '01KNP89C5ZZZ71SHHXQW9800G5', '01KNP89C60B7MHZFDS7XYQ1EXR', NULL),
  ('01KNP89C604HXNZJBVVARF6AWT', '2025-07-20 10:00:00', 'FINISHED', '01KNP89C5ZXF842HH3167YBEP5', '01KNP89C60ZRHZHHKDWD3B1A65', '01KNP89C5ZAM11B2MQJJJM4XZ1'),
  ('01KNP89C60A0ADJVVAEKCBXRJ1', '2025-07-20 11:30:00', 'FINISHED', '01KNP89C5ZXF842HH3167YBEP5', '01KNP89C60ZRHZHHKDWD3B1A65', '01KNP89C5Z74H6T3KT45JSY3MR'),
  ('01KNP89C605VV5NPP5EBX6YMYN', '2025-07-20 14:00:00', 'STANDBY', '01KNP89C5ZXF842HH3167YBEP5', '01KNP89C60ZRHZHHKDWD3B1A65', NULL),
  ('01KNP89C60GFF5YPVRS1RDQPWH', '2025-07-20 13:00:00', 'STANDBY', '01KNP89C5ZXF842HH3167YBEP5', '01KNP89C60ZRHZHHKDWD3B1A65', NULL),
  ('01KNP89C60622PY6RYWVTK3ZQY', '2025-07-19 09:00:00', 'FINISHED', '01KNP89C5Z6XCD2YVERS890T9T', '01KNP89C604C0VHRXFJ2CR9WVQ', '01KNP89C5ZAM11B2MQJJJM4XZ1'),
  ('01KNP89C601CXS4PD5G5W8Y3JS', '2025-07-19 10:30:00', 'FINISHED', '01KNP89C5Z6XCD2YVERS890T9T', '01KNP89C604C0VHRXFJ2CR9WVQ', '01KNP89C5Z74H6T3KT45JSY3MR'),
  ('01KNP89C60R04TK35DF54RX6AP', '2025-07-19 12:00:00', 'FINISHED', '01KNP89C5Z6XCD2YVERS890T9T', '01KNP89C604C0VHRXFJ2CR9WVQ', '01KNP89C5ZW8SMASGAX5E0A097'),
  ('01KNP89C60VCXVJW32M8QT7WRN', '2025-07-19 13:30:00', 'FINISHED', '01KNP89C5Z6XCD2YVERS890T9T', '01KNP89C604C0VHRXFJ2CR9WVQ', '01KNP89C5ZTJND1RS9WJHR49QP'),
  ('01KNP89C60M29Y49SPMVYQ53XK', '2025-07-19 15:00:00', 'FINISHED', '01KNP89C5Z6XCD2YVERS890T9T', '01KNP89C604C0VHRXFJ2CR9WVQ', '01KNP89C5ZAM11B2MQJJJM4XZ1'),
  ('01KNP89C60XCWSM9ZJ79YXTA03', '2025-07-19 16:30:00', 'ONGOING', '01KNP89C5Z6XCD2YVERS890T9T', '01KNP89C604C0VHRXFJ2CR9WVQ', NULL),
  ('01KNP89C60JYAS8VX4TWPJHRAT', '2025-07-19 18:00:00', 'STANDBY', '01KNP89C5Z6XCD2YVERS890T9T', '01KNP89C604C0VHRXFJ2CR9WVQ', NULL),
  ('01KNP89C61SFHWEZYHCCBAM6AC', '2025-07-21 10:00:00', 'STANDBY', '01KNP89C5Z7FS38RRPFBKPW1B9', '01KNP89C608WEE35W3GWY42PH3', NULL),
  ('01KNP89C61X65AJG87YVRYFQNW', '2025-07-21 11:30:00', 'STANDBY', '01KNP89C5Z7FS38RRPFBKPW1B9', '01KNP89C608WEE35W3GWY42PH3', NULL),
  ('01KNP89C61EWGFZ9WZZTCHQFKA', '2025-07-21 14:00:00', 'STANDBY', '01KNP89C5Z7FS38RRPFBKPW1B9', '01KNP89C608WEE35W3GWY42PH3', NULL),
  ('01KNP89C61VS53BAFRMAQYQ4JE', '2025-07-22 10:00:00', 'FINISHED', '01KNP89C5Z8KCMGS8DSAH9SK70', '01KNP89C60A4C9AZYBR1SXTRGA', '01KNP89C5ZW8SMASGAX5E0A097'),
  ('01KNP89C61692TAPFVKF69X7SN', '2025-07-22 11:30:00', 'FINISHED', '01KNP89C5Z8KCMGS8DSAH9SK70', '01KNP89C60A4C9AZYBR1SXTRGA', '01KNP89C5ZYP7G2KKKJ6SAZVXD'),
  ('01KNP89C61F90W60JVFACNTE6W', '2025-07-22 14:00:00', 'FINISHED', '01KNP89C5Z8KCMGS8DSAH9SK70', '01KNP89C60A4C9AZYBR1SXTRGA', '01KNP89C5ZW8SMASGAX5E0A097'),
  -- 水泳リーグ (FINISHED x2, CANCELED x1, ONGOING x1, STANDBY x2)
  ('01KNPP7M95NNN21QQEJXHRH8T8', '2025-07-23 09:00:00', 'FINISHED', '01KNP89C5Z8KCMGS8DSAH9SK70', '01KNPP7M8D7AD5EVN32N72QK60', '01KNP89C5ZAM11B2MQJJJM4XZ1'),
  ('01KNPP7M9613KA95BHH1E1KRCA', '2025-07-23 10:30:00', 'FINISHED', '01KNP89C5Z8KCMGS8DSAH9SK70', '01KNPP7M8D7AD5EVN32N72QK60', '01KNP89C5Z74H6T3KT45JSY3MR'),
  ('01KNPP7M988FVVJ02JQW6JAZ78', '2025-07-23 12:00:00', 'CANCELED', '01KNP89C5Z8KCMGS8DSAH9SK70', '01KNPP7M8D7AD5EVN32N72QK60', NULL),
  ('01KNPP7M9BAZNJERKXD3C2YKCS', '2025-07-23 13:30:00', 'ONGOING', '01KNP89C5Z8KCMGS8DSAH9SK70', '01KNPP7M8D7AD5EVN32N72QK60', NULL),
  ('01KNPP7M9D24F60SZKZAMB40SN', '2025-07-23 15:00:00', 'STANDBY', '01KNP89C5Z8KCMGS8DSAH9SK70', '01KNPP7M8D7AD5EVN32N72QK60', NULL),
  ('01KNPP7M9ETAT90BMW6PEVHE1W', '2025-07-23 16:30:00', 'STANDBY', '01KNP89C5Z8KCMGS8DSAH9SK70', '01KNPP7M8D7AD5EVN32N72QK60', NULL),
  -- ドッジボールリーグ (FINISHED x3, ONGOING x2, CANCELED x1)
  ('01KNPP7M9HMPRR0SGXSEA08PH7', '2025-07-24 09:00:00', 'FINISHED', '01KNP89C5ZW7AR7K07PTDRSCAA', '01KNPP7M8ERF76664J445AT5QF', '01KNP89C5ZW8SMASGAX5E0A097'),
  ('01KNPP7M9JMS2V4862BQSAG1ED', '2025-07-24 10:30:00', 'FINISHED', '01KNP89C5ZW7AR7K07PTDRSCAA', '01KNPP7M8ERF76664J445AT5QF', '01KNP89C5ZNTWCK2RDG9PDGCZB'),
  ('01KNPP7M9MQSQ2XBPAN95MGBWD', '2025-07-24 12:00:00', 'FINISHED', '01KNP89C5ZW7AR7K07PTDRSCAA', '01KNPP7M8ERF76664J445AT5QF', '01KNP89C5ZPNQZQYERZ0CTX9DA'),
  ('01KNPP7M9P3FNVVDMY44J85GFQ', '2025-07-24 13:30:00', 'ONGOING', '01KNP89C5ZW7AR7K07PTDRSCAA', '01KNPP7M8ERF76664J445AT5QF', NULL),
  ('01KNPP7M9S3Z6YFS7FNR7EDBNC', '2025-07-24 15:00:00', 'ONGOING', '01KNP89C5ZW7AR7K07PTDRSCAA', '01KNPP7M8ERF76664J445AT5QF', NULL),
  ('01KNPP7M9TABMVXVF79CEBB0YW', '2025-07-24 16:30:00', 'CANCELED', '01KNP89C5ZW7AR7K07PTDRSCAA', '01KNPP7M8ERF76664J445AT5QF', NULL),
  -- サッカーリーグ (FINISHED x1, ONGOING x1, STANDBY x3, CANCELED x1)
  ('01KNPP7M9W000M1SN5CES8G36G', '2025-07-25 09:00:00', 'FINISHED', '01KNP89C5ZXF842HH3167YBEP5', '01KNPP7M8JMPM1CQ88KF311WDV', '01KNP89C5Z6G2X0QRG11WY095N'),
  ('01KNPP7M9Z3QRN8ARJ9QSHQK8D', '2025-07-25 10:30:00', 'ONGOING', '01KNP89C5ZXF842HH3167YBEP5', '01KNPP7M8JMPM1CQ88KF311WDV', NULL),
  ('01KNPP7MA10BD9VDBAXKT8JC1B', '2025-07-25 12:00:00', 'STANDBY', '01KNP89C5ZXF842HH3167YBEP5', '01KNPP7M8JMPM1CQ88KF311WDV', NULL),
  ('01KNPP7MA3V114TWVRY4MY719M', '2025-07-25 13:30:00', 'STANDBY', '01KNP89C5ZXF842HH3167YBEP5', '01KNPP7M8JMPM1CQ88KF311WDV', NULL),
  ('01KNPP7MA5WV3JMG6GREH7W87A', '2025-07-25 15:00:00', 'STANDBY', '01KNP89C5ZXF842HH3167YBEP5', '01KNPP7M8JMPM1CQ88KF311WDV', NULL),
  ('01KNPP7MA67AS96RS8GSHZGGAR', '2025-07-25 16:30:00', 'CANCELED', '01KNP89C5ZXF842HH3167YBEP5', '01KNPP7M8JMPM1CQ88KF311WDV', NULL),
  -- ハンドボールリーグ (ONGOING x2, STANDBY x2)
  ('01KNPP7MA8G9ZZJT8QJVG7FSG6', '2025-07-26 09:00:00', 'ONGOING', '01KNP89C5ZZZ71SHHXQW9800G5', '01KNPP7M8M3D4HW644KAVTVZ3J', NULL),
  ('01KNPP7MAAE883VB9VFP32HS3H', '2025-07-26 10:30:00', 'ONGOING', '01KNP89C5ZZZ71SHHXQW9800G5', '01KNPP7M8M3D4HW644KAVTVZ3J', NULL),
  ('01KNPP7MACQNNA3YEC9MYERRC0', '2025-07-26 12:00:00', 'STANDBY', '01KNP89C5ZZZ71SHHXQW9800G5', '01KNPP7M8M3D4HW644KAVTVZ3J', NULL),
  ('01KNPP7MAEE8JJ3AYRJGYNVD9V', '2025-07-26 13:30:00', 'STANDBY', '01KNP89C5ZZZ71SHHXQW9800G5', '01KNPP7M8M3D4HW644KAVTVZ3J', NULL),
  -- 空手リーグ (FINISHED x2, CANCELED x2)
  ('01KNPP7MAGY8Y0QFRWQHCAMHPE', '2025-07-27 09:00:00', 'FINISHED', '01KNP89C5ZV0KP3T1FMH7ME28F', '01KNPP7M8WHC679MJGVVF7KAER', '01KNP89C5ZYP7G2KKKJ6SAZVXD'),
  ('01KNPP7MAJ2FTPPARZTR45NTFV', '2025-07-27 10:30:00', 'FINISHED', '01KNP89C5ZV0KP3T1FMH7ME28F', '01KNPP7M8WHC679MJGVVF7KAER', '01KNP89C5ZPNQZQYERZ0CTX9DA'),
  ('01KNPP7MAM2AJN2RBB1Y6VWV1Y', '2025-07-27 12:00:00', 'CANCELED', '01KNP89C5ZV0KP3T1FMH7ME28F', '01KNPP7M8WHC679MJGVVF7KAER', NULL),
  ('01KNPP7MAP584W092EE3M6W1RM', '2025-07-27 13:30:00', 'CANCELED', '01KNP89C5ZV0KP3T1FMH7ME28F', '01KNPP7M8WHC679MJGVVF7KAER', NULL),
  -- ソフトボールリーグ (FINISHED x1, ONGOING x1, STANDBY x1, CANCELED x1)
  ('01KNPP7MAR98HR2AGXRP55SCAB', '2025-07-28 09:00:00', 'FINISHED', '01KNP89C5Z6XCD2YVERS890T9T', '01KNPP7M8ZYPBKCV1DX5FCE64A', '01KNP89C5ZW8SMASGAX5E0A097'),
  ('01KNPP7MATSV5FAMG1SMH9PCX9', '2025-07-28 10:30:00', 'ONGOING', '01KNP89C5Z6XCD2YVERS890T9T', '01KNPP7M8ZYPBKCV1DX5FCE64A', NULL),
  ('01KNPP7MAWHGK4M3Z8TYCY2KBZ', '2025-07-28 12:00:00', 'STANDBY', '01KNP89C5Z6XCD2YVERS890T9T', '01KNPP7M8ZYPBKCV1DX5FCE64A', NULL),
  ('01KNPP7MAYAJARECPWPJMB4NDY', '2025-07-28 13:30:00', 'CANCELED', '01KNP89C5Z6XCD2YVERS890T9T', '01KNPP7M8ZYPBKCV1DX5FCE64A', NULL),
  -- アーチェリーリーグ (STANDBY x4)
  ('01KNPP7MB09SEBEKVRZQ6M1F33', '2025-07-29 09:00:00', 'STANDBY', '01KNP89C5ZNMYVJD1354CXZRBS', '01KNPP7M920P045PR1GAF4E01K', NULL),
  ('01KNPP7MB1XZ865RQEVY20B8HZ', '2025-07-29 10:30:00', 'STANDBY', '01KNP89C5ZNMYVJD1354CXZRBS', '01KNPP7M920P045PR1GAF4E01K', NULL),
  ('01KNPP7MB3S72PSG9TKZNZ9YY9', '2025-07-29 12:00:00', 'STANDBY', '01KNP89C5ZNMYVJD1354CXZRBS', '01KNPP7M920P045PR1GAF4E01K', NULL),
  ('01KNPP7MB58WNQT0VJPJYS55MG', '2025-07-29 13:30:00', 'STANDBY', '01KNP89C5ZNMYVJD1354CXZRBS', '01KNPP7M920P045PR1GAF4E01K', NULL);

-- ─── Match Entries ──────────────────────────────────────
INSERT INTO match_entries (id, match_id, team_id, score)
VALUES
  ('01KNP89C601ZNS225MJQPA0FSK', '01KNP89C60B29CVP0JDH89W1GV', '01KNP89C5ZAM11B2MQJJJM4XZ1', 2),
  ('01KNP89C608H8008V3YJ6GJSQD', '01KNP89C60B29CVP0JDH89W1GV', '01KNP89C5ZTJND1RS9WJHR49QP', 1),
  ('01KNP89C60QVHXATCRCX3FYXVT', '01KNP89C601RGV1DR9Z5348HFX', '01KNP89C5ZAM11B2MQJJJM4XZ1', 3),
  ('01KNP89C60P91SZVXHK2V95DQ5', '01KNP89C601RGV1DR9Z5348HFX', '01KNP89C5Z74H6T3KT45JSY3MR', 0),
  ('01KNP89C60G3QGHS35YCS0X3DR', '01KNP89C60BBVCG34XX4JDNT5F', '01KNP89C5ZAM11B2MQJJJM4XZ1', 1),
  ('01KNP89C60A3W9ZRDNBSK7G9C1', '01KNP89C60BBVCG34XX4JDNT5F', '01KNP89C5ZYPP0SXX1VT9QWA1H', 1),
  ('01KNP89C603TAZMRB0KM4TSBQK', '01KNP89C60NDQG67RDDW0V8V8S', '01KNP89C5ZAM11B2MQJJJM4XZ1', 0),
  ('01KNP89C60SGFQABFSAQN0K0CF', '01KNP89C60NDQG67RDDW0V8V8S', '01KNP89C5ZPNQZQYERZ0CTX9DA', 2),
  ('01KNP89C60BXX02PEV8R3W27ZB', '01KNP89C60TAYXMQX5MSY3CFF4', '01KNP89C5ZTJND1RS9WJHR49QP', 4),
  ('01KNP89C60J5VTMX869HKSXBV9', '01KNP89C60TAYXMQX5MSY3CFF4', '01KNP89C5Z74H6T3KT45JSY3MR', 1),
  ('01KNP89C60C8XYGX7QMFV374HN', '01KNP89C60SKRFH0ZEZR0DCK03', '01KNP89C5ZTJND1RS9WJHR49QP', 2),
  ('01KNP89C60K1FSH45AX2HPTRC7', '01KNP89C60SKRFH0ZEZR0DCK03', '01KNP89C5ZYPP0SXX1VT9QWA1H', 2),
  ('01KNP89C60YYY1CRXW8PZDHBCK', '01KNP89C60MBE5QPM9JEJCB64W', '01KNP89C5ZTJND1RS9WJHR49QP', 1),
  ('01KNP89C60YF9RP80BQTKSV8Y3', '01KNP89C60MBE5QPM9JEJCB64W', '01KNP89C5ZPNQZQYERZ0CTX9DA', 3),
  ('01KNP89C60H543HYVTZWQQ1BS0', '01KNP89C601RGV15ACA820387Z', '01KNP89C5Z74H6T3KT45JSY3MR', 3),
  ('01KNP89C6016G8EM6HNHYK5TPE', '01KNP89C601RGV15ACA820387Z', '01KNP89C5ZYPP0SXX1VT9QWA1H', 2),
  ('01KNP89C60Z4JTWKC30HE9BSNW', '01KNP89C60ZDYWEEY6BDBFSW11', '01KNP89C5Z74H6T3KT45JSY3MR', 0),
  ('01KNP89C60BBTZMD6NDD1AQ0K9', '01KNP89C60ZDYWEEY6BDBFSW11', '01KNP89C5ZPNQZQYERZ0CTX9DA', 1),
  ('01KNP89C60KBPA6A3PDV4RPS3A', '01KNP89C60KBYZ8YSYA0Y0DW6A', '01KNP89C5ZYPP0SXX1VT9QWA1H', 2),
  ('01KNP89C60SHWM0S1AAY3MGPAB', '01KNP89C60KBYZ8YSYA0Y0DW6A', '01KNP89C5ZPNQZQYERZ0CTX9DA', 0),
  ('01KNP89C60HM5H6B8X1Z0DRYHV', '01KNP89C60DSAKP5AFWTY7D4JJ', '01KNP89C5ZW8SMASGAX5E0A097', 78),
  ('01KNP89C60ZQ7PE5ENX3S9A3X3', '01KNP89C60DSAKP5AFWTY7D4JJ', '01KNP89C5ZNTWCK2RDG9PDGCZB', 65),
  ('01KNP89C60V7ERVKMTH6EAK5ZR', '01KNP89C60SP1NY3002K00E1SC', '01KNP89C5ZW8SMASGAX5E0A097', 92),
  ('01KNP89C60XJRYR0J692CA8NPV', '01KNP89C60SP1NY3002K00E1SC', '01KNP89C5ZAA6ENWF1842B5G3P', 88),
  ('01KNP89C60F1NBVVJKRWG6ZZAM', '01KNP89C605Q98XXGW8DGA86JF', '01KNP89C5ZW8SMASGAX5E0A097', 55),
  ('01KNP89C60P9YJZCMQXS6W24K5', '01KNP89C605Q98XXGW8DGA86JF', '01KNP89C5ZYP7G2KKKJ6SAZVXD', 70),
  ('01KNP89C60C72D6G1CGMPBRGE6', '01KNP89C60E5824N9EWDGVEG7F', '01KNP89C5ZNTWCK2RDG9PDGCZB', 81),
  ('01KNP89C60C7D0DM9CN5YW0R3F', '01KNP89C60E5824N9EWDGVEG7F', '01KNP89C5ZAA6ENWF1842B5G3P', 79),
  ('01KNP89C60QNA8W0XW4BW35D3D', '01KNP89C60WWJKS6X8E3EW1XEC', '01KNP89C5ZNTWCK2RDG9PDGCZB', 42),
  ('01KNP89C600DD3P9T5FWCAJKAZ', '01KNP89C60WWJKS6X8E3EW1XEC', '01KNP89C5ZYP7G2KKKJ6SAZVXD', 38),
  ('01KNP89C60CSBG5Q5FZ7TPT7HK', '01KNP89C60YVK74KQGV85JXYHN', '01KNP89C5ZAA6ENWF1842B5G3P', 0),
  ('01KNP89C60V63Q24G8NTS1030J', '01KNP89C60YVK74KQGV85JXYHN', '01KNP89C5ZYP7G2KKKJ6SAZVXD', 0),
  ('01KNP89C602M7Q8EGT5JYFFAX4', '01KNP89C605YZMHA4T6XZED88C', '01KNP89C5Z6G2X0QRG11WY095N', 0),
  ('01KNP89C6043WPBFGPXA5MPZT1', '01KNP89C605YZMHA4T6XZED88C', '01KNP89C5ZWZG810SG2AJ98F00', 0),
  ('01KNP89C60EN4M0XM2FTG54TPK', '01KNP89C60AM28RB1NHG799GJV', '01KNP89C5Z6G2X0QRG11WY095N', 0),
  ('01KNP89C60Z7WCP3BWCEXEJH5S', '01KNP89C60AM28RB1NHG799GJV', '01KNP89C5Z57VDMNNMK1WXH6S2', 0),
  ('01KNP89C60BKZ6F6Q8SRC67AA1', '01KNP89C607B145XDTHXR3QPT8', '01KNP89C5Z6G2X0QRG11WY095N', 0),
  ('01KNP89C60S0YF6YYFRYSN9YJG', '01KNP89C607B145XDTHXR3QPT8', '01KNP89C5ZVDMCNK9WM3GPSDBE', 0),
  ('01KNP89C6029BX3FRJNMMWBXF5', '01KNP89C602AEBMPPJR8BYA0X2', '01KNP89C5ZWZG810SG2AJ98F00', 0),
  ('01KNP89C60H4R8S207TJ3MR5BD', '01KNP89C602AEBMPPJR8BYA0X2', '01KNP89C5Z57VDMNNMK1WXH6S2', 0),
  ('01KNP89C60Y5PMCWZC9DD85PJ1', '01KNP89C60NW3B9W3ERZ361J7S', '01KNP89C5ZWZG810SG2AJ98F00', 0),
  ('01KNP89C606C5835MFSW9WRCDY', '01KNP89C60NW3B9W3ERZ361J7S', '01KNP89C5ZVDMCNK9WM3GPSDBE', 0),
  ('01KNP89C601PCMTHA8ZGJVC3T8', '01KNP89C60TVYM4KF9P2PXB5VZ', '01KNP89C5Z57VDMNNMK1WXH6S2', 0),
  ('01KNP89C60D8RWFYEY7XC1Y6N6', '01KNP89C60TVYM4KF9P2PXB5VZ', '01KNP89C5ZVDMCNK9WM3GPSDBE', 0),
  ('01KNP89C60929AGQ0BV0ZHCCBP', '01KNP89C609DMBNFY5MKS1SNN0', '01KNP89C5ZAM11B2MQJJJM4XZ1', 21),
  ('01KNP89C60DH4C286Y831E06DF', '01KNP89C609DMBNFY5MKS1SNN0', '01KNP89C5ZNTWCK2RDG9PDGCZB', 18),
  ('01KNP89C60PVM5KBCZ3AKA03DF', '01KNP89C6075VGHTQQ5090YA50', '01KNP89C5ZAM11B2MQJJJM4XZ1', 21),
  ('01KNP89C60T94S88HN1M3DJ22V', '01KNP89C6075VGHTQQ5090YA50', '01KNP89C5Z57VDMNNMK1WXH6S2', 15),
  ('01KNP89C60G0AT17Z2T33AV49F', '01KNP89C60P6F5X62T0ZR3P5CN', '01KNP89C5ZAM11B2MQJJJM4XZ1', 19),
  ('01KNP89C60D8JRBK105987H27M', '01KNP89C60P6F5X62T0ZR3P5CN', '01KNP89C5ZYPP0SXX1VT9QWA1H', 21),
  ('01KNP89C60B2R920084D6FFZ0N', '01KNP89C60DHTRQPRD9K76HRGC', '01KNP89C5ZAM11B2MQJJJM4XZ1', 21),
  ('01KNP89C60FN5R63B7E7VK0Z9T', '01KNP89C60DHTRQPRD9K76HRGC', '01KNP89C5Z4DHT6VM63116KH4J', 12),
  ('01KNP89C60V0R3N5QY542BQDMA', '01KNP89C60QJPF5RCF8M5MWH51', '01KNP89C5ZNTWCK2RDG9PDGCZB', 18),
  ('01KNP89C60GCZ68SFA0Q6N06GH', '01KNP89C60QJPF5RCF8M5MWH51', '01KNP89C5Z57VDMNNMK1WXH6S2', 21),
  ('01KNP89C60GK9K449FPGJSQK4M', '01KNP89C6007E0GFKEN3FXMJY6', '01KNP89C5ZNTWCK2RDG9PDGCZB', 21),
  ('01KNP89C6089PT6S7VPF5YVS9X', '01KNP89C6007E0GFKEN3FXMJY6', '01KNP89C5ZYPP0SXX1VT9QWA1H', 19),
  ('01KNP89C60TA9N631JZSRDVY9X', '01KNP89C60AA5ZFEHK7V6B9JBX', '01KNP89C5ZNTWCK2RDG9PDGCZB', 15),
  ('01KNP89C60RW2MRD5SDJPA3B9X', '01KNP89C60AA5ZFEHK7V6B9JBX', '01KNP89C5Z4DHT6VM63116KH4J', 10),
  ('01KNP89C609CRK8FV7Z4WK6690', '01KNP89C60GV5T2M90QWFWFW80', '01KNP89C5Z57VDMNNMK1WXH6S2', 12),
  ('01KNP89C60R42WC16EA005F9VB', '01KNP89C60GV5T2M90QWFWFW80', '01KNP89C5ZYPP0SXX1VT9QWA1H', 8),
  ('01KNP89C60VN0NBMV73R55CBH2', '01KNP89C60108DQJBTXB2BDNTZ', '01KNP89C5Z57VDMNNMK1WXH6S2', 5),
  ('01KNP89C60X3BJWZWBFR91F3JH', '01KNP89C60108DQJBTXB2BDNTZ', '01KNP89C5Z4DHT6VM63116KH4J', 3),
  ('01KNP89C604X5E1GS976CW069X', '01KNP89C60TMB8A551AQ38XK6M', '01KNP89C5ZYPP0SXX1VT9QWA1H', 0),
  ('01KNP89C60YFGVHPAYW4428100', '01KNP89C60TMB8A551AQ38XK6M', '01KNP89C5Z4DHT6VM63116KH4J', 0),
  ('01KNP89C60AWD44Z5KSQ46S99F', '01KNP89C604HXNZJBVVARF6AWT', '01KNP89C5ZAM11B2MQJJJM4XZ1', 3),
  ('01KNP89C604NSV8RSZFTABRRSQ', '01KNP89C604HXNZJBVVARF6AWT', '01KNP89C5ZYPP0SXX1VT9QWA1H', 1),
  ('01KNP89C60747D3M6D3P6356Q3', '01KNP89C60A0ADJVVAEKCBXRJ1', '01KNP89C5ZTJND1RS9WJHR49QP', 1),
  ('01KNP89C60S05X9N1C3KN69D92', '01KNP89C60A0ADJVVAEKCBXRJ1', '01KNP89C5Z74H6T3KT45JSY3MR', 3),
  ('01KNP89C6056EXJT3PS7MYHHGD', '01KNP89C605VV5NPP5EBX6YMYN', '01KNP89C5ZAM11B2MQJJJM4XZ1', 0),
  ('01KNP89C60ZY3KGNS2YQ0Z82ZH', '01KNP89C605VV5NPP5EBX6YMYN', '01KNP89C5Z74H6T3KT45JSY3MR', 0),
  ('01KNP89C60BEAC0GPDPGF296WR', '01KNP89C60GFF5YPVRS1RDQPWH', '01KNP89C5ZYPP0SXX1VT9QWA1H', 0),
  ('01KNP89C60M4WB1HZCAMRTQJ6D', '01KNP89C60GFF5YPVRS1RDQPWH', '01KNP89C5ZTJND1RS9WJHR49QP', 0),
  ('01KNP89C60PWSASBK2B8GRFSY2', '01KNP89C60622PY6RYWVTK3ZQY', '01KNP89C5ZAM11B2MQJJJM4XZ1', 5),
  ('01KNP89C60FAGWTS0NTSHN5R5E', '01KNP89C60622PY6RYWVTK3ZQY', '01KNP89C5ZYP7G2KKKJ6SAZVXD', 3),
  ('01KNP89C60FMM164Q92QFACF44', '01KNP89C601CXS4PD5G5W8Y3JS', '01KNP89C5ZNTWCK2RDG9PDGCZB', 2),
  ('01KNP89C60PRBAXDY3T52CBK5Z', '01KNP89C601CXS4PD5G5W8Y3JS', '01KNP89C5Z74H6T3KT45JSY3MR', 7),
  ('01KNP89C60XA68QF99WK94FQQH', '01KNP89C60R04TK35DF54RX6AP', '01KNP89C5ZW8SMASGAX5E0A097', 4),
  ('01KNP89C60GAK4GF9QNZCYS8VS', '01KNP89C60R04TK35DF54RX6AP', '01KNP89C5ZYPP0SXX1VT9QWA1H', 1),
  ('01KNP89C60YNMEJWGHK0W2Y4NZ', '01KNP89C60VCXVJW32M8QT7WRN', '01KNP89C5ZTJND1RS9WJHR49QP', 6),
  ('01KNP89C60VY7K8P4Q2HCHNP13', '01KNP89C60VCXVJW32M8QT7WRN', '01KNP89C5ZAA6ENWF1842B5G3P', 3),
  ('01KNP89C60SZ31A1RBAJZY0RX2', '01KNP89C60M29Y49SPMVYQ53XK', '01KNP89C5ZAM11B2MQJJJM4XZ1', 3),
  ('01KNP89C608VHQRE36B46VJEQM', '01KNP89C60M29Y49SPMVYQ53XK', '01KNP89C5Z74H6T3KT45JSY3MR', 1),
  ('01KNP89C60QKY7R97J659NYP6B', '01KNP89C60XCWSM9ZJ79YXTA03', '01KNP89C5ZW8SMASGAX5E0A097', 2),
  ('01KNP89C6094HBRH0PD4WTGXYC', '01KNP89C60XCWSM9ZJ79YXTA03', '01KNP89C5ZTJND1RS9WJHR49QP', 2),
  ('01KNP89C60E6NETPWHQF19WK2E', '01KNP89C60JYAS8VX4TWPJHRAT', '01KNP89C5ZAM11B2MQJJJM4XZ1', 0),
  ('01KNP89C60EZG6EC85V4FTZDTW', '01KNP89C60JYAS8VX4TWPJHRAT', NULL, 0),
  ('01KNP89C61C2HYXGZE7KZBZF19', '01KNP89C61SFHWEZYHCCBAM6AC', '01KNP89C5Z6G2X0QRG11WY095N', 0),
  ('01KNP89C61DDVD9KNFN0WYHZ0T', '01KNP89C61SFHWEZYHCCBAM6AC', '01KNP89C5Z4YFJCMWHTQDJB94T', 0),
  ('01KNP89C61FEW5RT9F2QR2R3F4', '01KNP89C61X65AJG87YVRYFQNW', '01KNP89C5ZWZG810SG2AJ98F00', 0),
  ('01KNP89C61AV5NDRK08D0GC8YM', '01KNP89C61X65AJG87YVRYFQNW', '01KNP89C5Z57VDMNNMK1WXH6S2', 0),
  ('01KNP89C61EFG7HHXVXHGT13DT', '01KNP89C61EWGFZ9WZZTCHQFKA', NULL, 0),
  ('01KNP89C61K8Y53JYMHBBGZGM6', '01KNP89C61EWGFZ9WZZTCHQFKA', NULL, 0),
  ('01KNP89C612AA6RRZ5NQ53ZZ92', '01KNP89C61VS53BAFRMAQYQ4JE', '01KNP89C5ZW8SMASGAX5E0A097', 21),
  ('01KNP89C61HVT24CATRZK3S26A', '01KNP89C61VS53BAFRMAQYQ4JE', '01KNP89C5Z4DHT6VM63116KH4J', 18),
  ('01KNP89C61FXVPTHZ7R5JPEER3', '01KNP89C61692TAPFVKF69X7SN', '01KNP89C5ZAA6ENWF1842B5G3P', 15),
  ('01KNP89C61WQ3Y6840T42P20VB', '01KNP89C61692TAPFVKF69X7SN', '01KNP89C5ZYP7G2KKKJ6SAZVXD', 21),
  ('01KNP89C61RDCAQ5N37GPHBVTB', '01KNP89C61F90W60JVFACNTE6W', '01KNP89C5ZW8SMASGAX5E0A097', 21),
  ('01KNP89C61E60FZ2PWPHA81C3J', '01KNP89C61F90W60JVFACNTE6W', '01KNP89C5ZYP7G2KKKJ6SAZVXD', 19),
  -- 水泳リーグ
  ('01KNPP7MB7XC1E2YT2FZP1KFCM', '01KNPP7M95NNN21QQEJXHRH8T8', '01KNP89C5ZAM11B2MQJJJM4XZ1', 3),
  ('01KNPP7MB9HH50M6EYCJNZN93V', '01KNPP7M95NNN21QQEJXHRH8T8', '01KNP89C5ZTJND1RS9WJHR49QP', 1),
  ('01KNPP7MBBAB05X2VVRRF858H2', '01KNPP7M9613KA95BHH1E1KRCA', '01KNP89C5Z74H6T3KT45JSY3MR', 2),
  ('01KNPP7MBD6JJZYBAMTDF0HQBN', '01KNPP7M9613KA95BHH1E1KRCA', '01KNP89C5ZYPP0SXX1VT9QWA1H', 1),
  ('01KNPP7MBF56E63Q6QY9YG4M4W', '01KNPP7M988FVVJ02JQW6JAZ78', '01KNP89C5ZAM11B2MQJJJM4XZ1', 0),
  ('01KNPP7MBG2SD7W94ZXKSQFD7H', '01KNPP7M988FVVJ02JQW6JAZ78', '01KNP89C5Z74H6T3KT45JSY3MR', 0),
  ('01KNPP7MBJ25MW2VPQHQ48CKD3', '01KNPP7M9BAZNJERKXD3C2YKCS', '01KNP89C5ZTJND1RS9WJHR49QP', 1),
  ('01KNPP7MBN8NVX1EVDC9PW09X9', '01KNPP7M9BAZNJERKXD3C2YKCS', '01KNP89C5ZYPP0SXX1VT9QWA1H', 0),
  ('01KNPP7MBPK38FNQFG33A4W1YN', '01KNPP7M9D24F60SZKZAMB40SN', '01KNP89C5ZAM11B2MQJJJM4XZ1', 0),
  ('01KNPP7MBRC6NRT9JJ0W6MBMVZ', '01KNPP7M9D24F60SZKZAMB40SN', '01KNP89C5ZYPP0SXX1VT9QWA1H', 0),
  ('01KNPP7MBT7SXK25Q70FFVBJP0', '01KNPP7M9ETAT90BMW6PEVHE1W', '01KNP89C5Z74H6T3KT45JSY3MR', 0),
  ('01KNPP7MBWZMZGHW77YDP71NHX', '01KNPP7M9ETAT90BMW6PEVHE1W', '01KNP89C5ZTJND1RS9WJHR49QP', 0),
  -- ドッジボールリーグ
  ('01KNPP7MBZNPYHQG9A2N4DB7G7', '01KNPP7M9HMPRR0SGXSEA08PH7', '01KNP89C5ZW8SMASGAX5E0A097', 5),
  ('01KNPP7MC0NPS132YC315CXT7P', '01KNPP7M9HMPRR0SGXSEA08PH7', '01KNP89C5ZNTWCK2RDG9PDGCZB', 2),
  ('01KNPP7MC280MZ3GQ94K0JMPBA', '01KNPP7M9JMS2V4862BQSAG1ED', '01KNP89C5ZNTWCK2RDG9PDGCZB', 4),
  ('01KNPP7MC54CQG6MPE9DZ25B46', '01KNPP7M9JMS2V4862BQSAG1ED', '01KNP89C5ZAA6ENWF1842B5G3P', 3),
  ('01KNPP7MC6WW0DTERQRFPH3V9H', '01KNPP7M9MQSQ2XBPAN95MGBWD', '01KNP89C5ZPNQZQYERZ0CTX9DA', 6),
  ('01KNPP7MC9AZ5Y4YPJP8N5D197', '01KNPP7M9MQSQ2XBPAN95MGBWD', '01KNP89C5ZW8SMASGAX5E0A097', 3),
  ('01KNPP7MCAKVAYE80XK42F9AG6', '01KNPP7M9P3FNVVDMY44J85GFQ', '01KNP89C5ZAA6ENWF1842B5G3P', 2),
  ('01KNPP7MCCXENSNNFDVG5PFX4N', '01KNPP7M9P3FNVVDMY44J85GFQ', '01KNP89C5ZPNQZQYERZ0CTX9DA', 1),
  ('01KNPP7MCE1FW1JZ0A7V3HS56C', '01KNPP7M9S3Z6YFS7FNR7EDBNC', '01KNP89C5ZW8SMASGAX5E0A097', 3),
  ('01KNPP7MCGHX0MH4SPHA0SZKX4', '01KNPP7M9S3Z6YFS7FNR7EDBNC', '01KNP89C5ZNTWCK2RDG9PDGCZB', 3),
  ('01KNPP7MCJW4EJSG5VPMS9JRS4', '01KNPP7M9TABMVXVF79CEBB0YW', '01KNP89C5ZAA6ENWF1842B5G3P', 0),
  ('01KNPP7MCMZ91AF71P30BXES4C', '01KNPP7M9TABMVXVF79CEBB0YW', '01KNP89C5ZPNQZQYERZ0CTX9DA', 0),
  -- サッカーリーグ
  ('01KNPP7MCPZ1548QZTJ4RTM9HQ', '01KNPP7M9W000M1SN5CES8G36G', '01KNP89C5Z6G2X0QRG11WY095N', 3),
  ('01KNPP7MCRDPGDC6SH3KX6F7RK', '01KNPP7M9W000M1SN5CES8G36G', '01KNP89C5ZWZG810SG2AJ98F00', 1),
  ('01KNPP7MCVXHD3JPMGKHAJSDB3', '01KNPP7M9Z3QRN8ARJ9QSHQK8D', '01KNP89C5Z57VDMNNMK1WXH6S2', 2),
  ('01KNPP7MCWDG8HQK6G7N9BCQ9Y', '01KNPP7M9Z3QRN8ARJ9QSHQK8D', '01KNP89C5ZVDMCNK9WM3GPSDBE', 2),
  ('01KNPP7MCYH71VM938DER5H9NB', '01KNPP7MA10BD9VDBAXKT8JC1B', '01KNP89C5Z6G2X0QRG11WY095N', 0),
  ('01KNPP7MD02B35CMQ2FAJXVBHE', '01KNPP7MA10BD9VDBAXKT8JC1B', '01KNP89C5Z57VDMNNMK1WXH6S2', 0),
  ('01KNPP7MD3PZ4EPCQ9JFWXFX8R', '01KNPP7MA3V114TWVRY4MY719M', '01KNP89C5ZWZG810SG2AJ98F00', 0),
  ('01KNPP7MD57EFGXEZDZQ4H9RZT', '01KNPP7MA3V114TWVRY4MY719M', '01KNP89C5ZVDMCNK9WM3GPSDBE', 0),
  ('01KNPP7MD65M66PZQ5MTCX2RB7', '01KNPP7MA5WV3JMG6GREH7W87A', '01KNP89C5Z6G2X0QRG11WY095N', 0),
  ('01KNPP7MD8H3TG0N15E61908AN', '01KNPP7MA5WV3JMG6GREH7W87A', '01KNP89C5ZVDMCNK9WM3GPSDBE', 0),
  ('01KNPP7MDA2QYY8F09CSH4J0B8', '01KNPP7MA67AS96RS8GSHZGGAR', '01KNP89C5ZWZG810SG2AJ98F00', 0),
  ('01KNPP7MDCAEY7PPVS46800BZ1', '01KNPP7MA67AS96RS8GSHZGGAR', '01KNP89C5Z57VDMNNMK1WXH6S2', 0),
  -- ハンドボールリーグ
  ('01KNPP7MDEJRZ0B51CDM0QG37S', '01KNPP7MA8G9ZZJT8QJVG7FSG6', '01KNP89C5ZAM11B2MQJJJM4XZ1', 15),
  ('01KNPP7MDGJFYY889MCBWA7C8J', '01KNPP7MA8G9ZZJT8QJVG7FSG6', '01KNP89C5ZNTWCK2RDG9PDGCZB', 12),
  ('01KNPP7MDJNPVPNVBYT617NCBR', '01KNPP7MAAE883VB9VFP32HS3H', '01KNP89C5Z57VDMNNMK1WXH6S2', 18),
  ('01KNPP7MDMD5RTJK61WYPV9QG6', '01KNPP7MAAE883VB9VFP32HS3H', '01KNP89C5Z4DHT6VM63116KH4J', 20),
  ('01KNPP7MDQWNWNY623NHDSDQCF', '01KNPP7MACQNNA3YEC9MYERRC0', '01KNP89C5ZAM11B2MQJJJM4XZ1', 0),
  ('01KNPP7MDSQM6FAE7D881AYZ1Y', '01KNPP7MACQNNA3YEC9MYERRC0', '01KNP89C5Z57VDMNNMK1WXH6S2', 0),
  ('01KNPP7MDV9WPYACVM8SCFW2DR', '01KNPP7MAEE8JJ3AYRJGYNVD9V', '01KNP89C5ZNTWCK2RDG9PDGCZB', 0),
  ('01KNPP7MDWBMF3YFRZA2ME8JTC', '01KNPP7MAEE8JJ3AYRJGYNVD9V', '01KNP89C5Z4DHT6VM63116KH4J', 0),
  -- 空手リーグ
  ('01KNPP7MDZX04R6FTQXEDSV78R', '01KNPP7MAGY8Y0QFRWQHCAMHPE', '01KNP89C5ZYP7G2KKKJ6SAZVXD', 3),
  ('01KNPP7ME0NSDTNZBNAHPT7NZH', '01KNPP7MAGY8Y0QFRWQHCAMHPE', '01KNP89C5ZVDMCNK9WM3GPSDBE', 1),
  ('01KNPP7ME362BKHQ16S2H2J8B7', '01KNPP7MAJ2FTPPARZTR45NTFV', '01KNP89C5ZPNQZQYERZ0CTX9DA', 2),
  ('01KNPP7ME4V0DEW1JM7VT3KB3X', '01KNPP7MAJ2FTPPARZTR45NTFV', '01KNP89C5Z4YFJCMWHTQDJB94T', 0),
  ('01KNPP7ME6TAZQQEGFXE0R426Q', '01KNPP7MAM2AJN2RBB1Y6VWV1Y', '01KNP89C5ZYP7G2KKKJ6SAZVXD', 0),
  ('01KNPP7ME8NWRJ2Q2G00D6AAJG', '01KNPP7MAM2AJN2RBB1Y6VWV1Y', '01KNP89C5Z4YFJCMWHTQDJB94T', 0),
  ('01KNPP7MEA8DR42BXH498TE2X6', '01KNPP7MAP584W092EE3M6W1RM', '01KNP89C5ZVDMCNK9WM3GPSDBE', 0),
  ('01KNPP7MED1DWPNTGE9QZTBY5R', '01KNPP7MAP584W092EE3M6W1RM', '01KNP89C5ZPNQZQYERZ0CTX9DA', 0),
  -- ソフトボールリーグ
  ('01KNPP7MEESTCP5SSDYF5YEMXF', '01KNPP7MAR98HR2AGXRP55SCAB', '01KNP89C5ZW8SMASGAX5E0A097', 8),
  ('01KNPP7MEH0SE8APQKXCRFD86N', '01KNPP7MAR98HR2AGXRP55SCAB', '01KNP89C5ZTJND1RS9WJHR49QP', 3),
  ('01KNPP7MEJNNPYVXP0JNYSX893', '01KNPP7MATSV5FAMG1SMH9PCX9', '01KNP89C5Z74H6T3KT45JSY3MR', 5),
  ('01KNPP7MEM5VP3C2RQ24G8RK9F', '01KNPP7MATSV5FAMG1SMH9PCX9', '01KNP89C5ZYP7G2KKKJ6SAZVXD', 4),
  ('01KNPP7MEP18ZZ4JM44PM88K82', '01KNPP7MAWHGK4M3Z8TYCY2KBZ', '01KNP89C5ZW8SMASGAX5E0A097', 0),
  ('01KNPP7MERX95M50R3S91HR6AN', '01KNPP7MAWHGK4M3Z8TYCY2KBZ', '01KNP89C5Z74H6T3KT45JSY3MR', 0),
  ('01KNPP7MEV7PGERPK475NZ26W4', '01KNPP7MAYAJARECPWPJMB4NDY', '01KNP89C5ZTJND1RS9WJHR49QP', 0),
  ('01KNPP7MEWH3CDEBXE2EX2991N', '01KNPP7MAYAJARECPWPJMB4NDY', '01KNP89C5ZYP7G2KKKJ6SAZVXD', 0),
  -- アーチェリーリーグ
  ('01KNPP7MEY0S0ZGGZ80EKK3B3R', '01KNPP7MB09SEBEKVRZQ6M1F33', '01KNP89C5Z6G2X0QRG11WY095N', 0),
  ('01KNPP7MF1AW6Z8M1HW968BE78', '01KNPP7MB09SEBEKVRZQ6M1F33', '01KNP89C5ZWZG810SG2AJ98F00', 0),
  ('01KNPP7MF24QX23P80DKG13JFH', '01KNPP7MB1XZ865RQEVY20B8HZ', '01KNP89C5ZPNQZQYERZ0CTX9DA', 0),
  ('01KNPP7MF4GXKERW7F4Q03R9EQ', '01KNPP7MB1XZ865RQEVY20B8HZ', '01KNP89C5Z4YFJCMWHTQDJB94T', 0),
  ('01KNPP7MF7P6FXJDWK2PX8M8EW', '01KNPP7MB3S72PSG9TKZNZ9YY9', '01KNP89C5Z6G2X0QRG11WY095N', 0),
  ('01KNPP7MF9AK4S37EY9J7QX2DG', '01KNPP7MB3S72PSG9TKZNZ9YY9', '01KNP89C5Z4YFJCMWHTQDJB94T', 0),
  ('01KNPP7MFBRDPEWYFY71MZ5Y1P', '01KNPP7MB58WNQT0VJPJYS55MG', '01KNP89C5ZWZG810SG2AJ98F00', 0),
  ('01KNPP7MFDAE2T4D3Q1J416MVQ', '01KNPP7MB58WNQT0VJPJYS55MG', '01KNP89C5ZPNQZQYERZ0CTX9DA', 0);

-- ─── Judgments ──────────────────────────────────────────
INSERT INTO judgments (id, name, user_id, team_id, group_id)
VALUES
  ('01KNP89C60B29CVP0JDH89W1GV', '審判 今井 光', '01KNP89C5Z4Q9ZWQAF8BVRTHWA', NULL, NULL),
  ('01KNP89C601RGV1DR9Z5348HFX', '審判 松田 里奈', '01KNP89C5ZBA92J8X469YSXTVR', NULL, NULL),
  ('01KNP89C60BBVCG34XX4JDNT5F', '審判 西村 純', '01KNP89C5ZSPQTPA814YJNDBDS', NULL, NULL),
  ('01KNP89C60NDQG67RDDW0V8V8S', '審判 平野 紗良', '01KNP89C5Z1NANG1CCCENNW0VF', NULL, NULL),
  ('01KNP89C60TAYXMQX5MSY3CFF4', '審判 丸山 修平', '01KNP89C5ZT2E9YRTRRG724YX5', NULL, NULL);

-- ─── Tournaments ────────────────────────────────────────
INSERT INTO tournaments (id, competition_id, name, bracket_type, placement_method, display_order)
VALUES
  ('01KNP89C60EMQ6JSY6Q7QDR8TP', '01KNP89C60ZRHZHHKDWD3B1A65', '本戦', 'MAIN', 'SEED_OPTIMIZED', 1),
  ('01KNP89C60F4BF9RXC9RZEYYD5', '01KNP89C60ZRHZHHKDWD3B1A65', '3位決定戦', 'SUB', NULL, 2),
  ('01KNP89C60QB1AA4YQ7X8MKPP7', '01KNP89C604C0VHRXFJ2CR9WVQ', '本戦', 'MAIN', 'SEED_OPTIMIZED', 1),
  ('01KNP89C61TBNKGNDP4FMRG2N1', '01KNP89C608WEE35W3GWY42PH3', '本戦', 'MAIN', 'BALANCED', 1),
  ('01KNP89C61AX4GKHJVD79YQYR4', '01KNP89C60A4C9AZYBR1SXTRGA', '本戦', 'MAIN', 'RANDOM', 1);

-- ─── Tournament Slots ───────────────────────────────────
INSERT INTO tournament_slots (id, tournament_id, match_entry_id, source_type, source_match_id, seed_number)
VALUES
  ('01KNP89C60BAX0TB41ZTY6ZJQC', '01KNP89C60EMQ6JSY6Q7QDR8TP', '01KNP89C60AWD44Z5KSQ46S99F', 'SEED', NULL, 1),
  ('01KNP89C60MG95HMM8H7TP8GCN', '01KNP89C60EMQ6JSY6Q7QDR8TP', '01KNP89C604NSV8RSZFTABRRSQ', 'SEED', NULL, 4),
  ('01KNP89C6046VMF32EW3WVWXCR', '01KNP89C60EMQ6JSY6Q7QDR8TP', '01KNP89C60747D3M6D3P6356Q3', 'SEED', NULL, 2),
  ('01KNP89C60WXVZMEEKA30GN481', '01KNP89C60EMQ6JSY6Q7QDR8TP', '01KNP89C60S05X9N1C3KN69D92', 'SEED', NULL, 3),
  ('01KNP89C60MF95TQ1MAQ0CQPQR', '01KNP89C60EMQ6JSY6Q7QDR8TP', '01KNP89C6056EXJT3PS7MYHHGD', 'MATCH_WINNER', '01KNP89C604HXNZJBVVARF6AWT', NULL),
  ('01KNP89C60CHFZ01SCQXCC0Q38', '01KNP89C60EMQ6JSY6Q7QDR8TP', '01KNP89C60ZY3KGNS2YQ0Z82ZH', 'MATCH_WINNER', '01KNP89C60A0ADJVVAEKCBXRJ1', NULL),
  ('01KNP89C60QVE6AS814P0NB73G', '01KNP89C60F4BF9RXC9RZEYYD5', '01KNP89C60BEAC0GPDPGF296WR', 'MATCH_LOSER', '01KNP89C604HXNZJBVVARF6AWT', NULL),
  ('01KNP89C604AJPPTQVSSZRWW41', '01KNP89C60F4BF9RXC9RZEYYD5', '01KNP89C60M4WB1HZCAMRTQJ6D', 'MATCH_LOSER', '01KNP89C60A0ADJVVAEKCBXRJ1', NULL),
  ('01KNP89C60E3W3XB1J934SH5TH', '01KNP89C60QB1AA4YQ7X8MKPP7', '01KNP89C60PWSASBK2B8GRFSY2', 'SEED', NULL, 1),
  ('01KNP89C60MDEGRP9PMC3DFY8F', '01KNP89C60QB1AA4YQ7X8MKPP7', '01KNP89C60FAGWTS0NTSHN5R5E', 'SEED', NULL, 8),
  ('01KNP89C612JE0HBMSK7TVHEEF', '01KNP89C60QB1AA4YQ7X8MKPP7', '01KNP89C60FMM164Q92QFACF44', 'SEED', NULL, 4),
  ('01KNP89C61CW4N2230JZDFR6FG', '01KNP89C60QB1AA4YQ7X8MKPP7', '01KNP89C60PRBAXDY3T52CBK5Z', 'SEED', NULL, 5),
  ('01KNP89C61SE4Z1CH388958EK1', '01KNP89C60QB1AA4YQ7X8MKPP7', '01KNP89C60XA68QF99WK94FQQH', 'SEED', NULL, 2),
  ('01KNP89C61CXB5DR4C047YJN7A', '01KNP89C60QB1AA4YQ7X8MKPP7', '01KNP89C60GAK4GF9QNZCYS8VS', 'SEED', NULL, 7),
  ('01KNP89C61BMEX0SAA59GDQZZF', '01KNP89C60QB1AA4YQ7X8MKPP7', '01KNP89C60YNMEJWGHK0W2Y4NZ', 'SEED', NULL, 3),
  ('01KNP89C61C2VQV2DNZKGSBGZK', '01KNP89C60QB1AA4YQ7X8MKPP7', '01KNP89C60VY7K8P4Q2HCHNP13', 'SEED', NULL, 6),
  ('01KNP89C61NT8AQ6RCXWP8X3QV', '01KNP89C60QB1AA4YQ7X8MKPP7', '01KNP89C60SZ31A1RBAJZY0RX2', 'MATCH_WINNER', '01KNP89C60622PY6RYWVTK3ZQY', NULL),
  ('01KNP89C619XNGE3YR61GWTQRK', '01KNP89C60QB1AA4YQ7X8MKPP7', '01KNP89C608VHQRE36B46VJEQM', 'MATCH_WINNER', '01KNP89C601CXS4PD5G5W8Y3JS', NULL),
  ('01KNP89C61VRKFBKZBXG547AZ4', '01KNP89C60QB1AA4YQ7X8MKPP7', '01KNP89C60QKY7R97J659NYP6B', 'MATCH_WINNER', '01KNP89C60R04TK35DF54RX6AP', NULL),
  ('01KNP89C61DQGWY1XWPHY9ZK2N', '01KNP89C60QB1AA4YQ7X8MKPP7', '01KNP89C6094HBRH0PD4WTGXYC', 'MATCH_WINNER', '01KNP89C60VCXVJW32M8QT7WRN', NULL),
  ('01KNP89C61KR4587THZZ3P82XA', '01KNP89C60QB1AA4YQ7X8MKPP7', '01KNP89C60E6NETPWHQF19WK2E', 'MATCH_WINNER', '01KNP89C60M29Y49SPMVYQ53XK', NULL),
  ('01KNP89C61T6RG0DBD05KKN8CV', '01KNP89C60QB1AA4YQ7X8MKPP7', '01KNP89C60EZG6EC85V4FTZDTW', 'MATCH_WINNER', '01KNP89C60XCWSM9ZJ79YXTA03', NULL),
  ('01KNP89C613MKCJPVSXCM5AFYH', '01KNP89C61TBNKGNDP4FMRG2N1', '01KNP89C61C2HYXGZE7KZBZF19', 'SEED', NULL, 1),
  ('01KNP89C61KTKEXJY1ZPFZYK11', '01KNP89C61TBNKGNDP4FMRG2N1', '01KNP89C61DDVD9KNFN0WYHZ0T', 'SEED', NULL, 4),
  ('01KNP89C61EX3H45ZYHKTTTJDY', '01KNP89C61TBNKGNDP4FMRG2N1', '01KNP89C61FEW5RT9F2QR2R3F4', 'SEED', NULL, 2),
  ('01KNP89C61T1G2K8MZ8FQK0PJV', '01KNP89C61TBNKGNDP4FMRG2N1', '01KNP89C61AV5NDRK08D0GC8YM', 'SEED', NULL, 3),
  ('01KNP89C61TNTMTHVCRWQY9WBV', '01KNP89C61TBNKGNDP4FMRG2N1', '01KNP89C61EFG7HHXVXHGT13DT', 'MATCH_WINNER', '01KNP89C61SFHWEZYHCCBAM6AC', NULL),
  ('01KNP89C61VD1YSJSE9GANWMAS', '01KNP89C61TBNKGNDP4FMRG2N1', '01KNP89C61K8Y53JYMHBBGZGM6', 'MATCH_WINNER', '01KNP89C61X65AJG87YVRYFQNW', NULL),
  ('01KNP89C61FYQMZZ8GZ0TJMJ00', '01KNP89C61AX4GKHJVD79YQYR4', '01KNP89C612AA6RRZ5NQ53ZZ92', 'SEED', NULL, 1),
  ('01KNP89C61Y5C8FVA5WFDB3ZXH', '01KNP89C61AX4GKHJVD79YQYR4', '01KNP89C61HVT24CATRZK3S26A', 'SEED', NULL, 4),
  ('01KNP89C61CKKCB85TVN1MGZDK', '01KNP89C61AX4GKHJVD79YQYR4', '01KNP89C61FXVPTHZ7R5JPEER3', 'SEED', NULL, 2),
  ('01KNP89C611XWBAMSGZF5RKTK9', '01KNP89C61AX4GKHJVD79YQYR4', '01KNP89C61WQ3Y6840T42P20VB', 'SEED', NULL, 3),
  ('01KNP89C61K3F0DVQRJ4G4VM3X', '01KNP89C61AX4GKHJVD79YQYR4', '01KNP89C61RDCAQ5N37GPHBVTB', 'MATCH_WINNER', '01KNP89C61VS53BAFRMAQYQ4JE', NULL),
  ('01KNP89C61NH1JM4NEA5Y8SDD1', '01KNP89C61AX4GKHJVD79YQYR4', '01KNP89C61E60FZ2PWPHA81C3J', 'MATCH_WINNER', '01KNP89C61692TAPFVKF69X7SN', NULL);

-- ─── Promotion Rules ────────────────────────────────────
INSERT INTO promotion_rules (id, source_competition_id, target_competition_id, rank_spec, slot)
VALUES
  ('01KNP89C6146MC8SKWJ74Z248S', '01KNP89C60G1JDXQXQZXWNVXRN', '01KNP89C60ZRHZHHKDWD3B1A65', '1', NULL),
  ('01KNP89C61Z4JPK8Z1D3A6QDFE', '01KNP89C60G1JDXQXQZXWNVXRN', '01KNP89C60ZRHZHHKDWD3B1A65', '2', NULL),
  ('01KNP89C61Q2GQE9WWB381PDWD', '01KNP89C60G1JDXQXQZXWNVXRN', '01KNP89C60ZRHZHHKDWD3B1A65', '3', NULL);

-- ============================================================
-- 審判スコア申請機能テストデータ
-- ============================================================
--
-- テストパターン一覧:
--   1. リーグ / チーム審判(なでしこα)     / 未出席  / STANDBY  → 出席ボタンテスト
--   2. リーグ / チーム審判(ブルーフェニα) / 出席済  / ONGOING  → スコア提出テスト
--   3. リーグ / ユーザー審判(大島)        / 出席済  / ONGOING  → ユーザー審判テスト
--   4. リーグ / グループ審判(サムライSP)  / 未出席  / STANDBY  → グループ審判テスト
--   5. リーグ / name-only審判             / —       / STANDBY  → 認証不可テスト
--   6. リーグ / チーム審判(ライジングα)  / 出席済  / FINISHED → 提出済み表示テスト
--   7. トーナメント / ユーザー審判(佐々木) / 出席済 / ONGOING → 引き分け不可テスト
--   8. トーナメント / チーム審判(サムライα) / 未出席 / STANDBY → トーナメント出席テスト
--   9. リーグ / チーム審判(なでしこα)     / 未出席  / STANDBY  → 接近通知テスト(時刻手動調整)

-- ─── 審判テスト用大会 ──────────────────────────────────────
INSERT INTO competitions (id, name, type, scene_id, sport_id)
VALUES
  ('01KNV071F1NQJXCXMS02HHMAVT', '審判テストリーグ', 'LEAGUE', '01KNP89C5ZYX3JDAJDFQ7BBSNG', '01KNP89C5Z5J4KD9RWA1EWJJ22'),
  ('01KNV071F1NQJXCXMS043BXNM7', '審判テストトーナメント', 'TOURNAMENT', '01KNP89C5ZYX3JDAJDFQ7BBSNG', '01KNP89C5Z5J4KD9RWA1EWJJ22');

INSERT INTO leagues (id, win_pt, draw_pt, lose_pt)
VALUES
  ('01KNV071F1NQJXCXMS02HHMAVT', 3, 1, 0);

INSERT INTO competition_entries (competition_id, team_id)
VALUES
  ('01KNV071F1NQJXCXMS02HHMAVT', '01KNP89C5ZAM11B2MQJJJM4XZ1'),
  ('01KNV071F1NQJXCXMS02HHMAVT', '01KNP89C5ZTJND1RS9WJHR49QP'),
  ('01KNV071F1NQJXCXMS02HHMAVT', '01KNP89C5Z74H6T3KT45JSY3MR'),
  ('01KNV071F1NQJXCXMS02HHMAVT', '01KNP89C5ZYPP0SXX1VT9QWA1H'),
  ('01KNV071F1NQJXCXMS043BXNM7', '01KNP89C5ZAM11B2MQJJJM4XZ1'),
  ('01KNV071F1NQJXCXMS043BXNM7', '01KNP89C5ZTJND1RS9WJHR49QP'),
  ('01KNV071F1NQJXCXMS043BXNM7', '01KNP89C5Z74H6T3KT45JSY3MR'),
  ('01KNV071F1NQJXCXMS043BXNM7', '01KNP89C5ZYPP0SXX1VT9QWA1H');

-- ─── 審判テスト用試合 ──────────────────────────────────────
INSERT INTO matches (id, time, status, location_id, competition_id, winner_team_id)
VALUES
  ('01KNV071F1NQJXCXMS04NDPPR9', '2026-04-11 10:00:00', 'STANDBY', '01KNP89C5ZW7AR7K07PTDRSCAA', '01KNV071F1NQJXCXMS02HHMAVT', NULL),
  ('01KNV071F1NQJXCXMS06HKMXJK', '2026-04-11 11:00:00', 'ONGOING', '01KNP89C5ZXF842HH3167YBEP5', '01KNV071F1NQJXCXMS02HHMAVT', NULL),
  ('01KNV071F1NQJXCXMS08QY2Z9H', '2026-04-11 12:00:00', 'ONGOING', '01KNP89C5ZW7AR7K07PTDRSCAA', '01KNV071F1NQJXCXMS02HHMAVT', NULL),
  ('01KNV071F1NQJXCXMS0B8Z63AM', '2026-04-11 13:00:00', 'STANDBY', '01KNP89C5ZXF842HH3167YBEP5', '01KNV071F1NQJXCXMS02HHMAVT', NULL),
  ('01KNV071F1NQJXCXMS0BB1G7F3', '2026-04-11 14:00:00', 'STANDBY', '01KNP89C5ZW7AR7K07PTDRSCAA', '01KNV071F1NQJXCXMS02HHMAVT', NULL),
  ('01KNV071F1NQJXCXMS0EFMKF14', '2026-04-10 09:00:00', 'FINISHED', '01KNP89C5ZW7AR7K07PTDRSCAA', '01KNV071F1NQJXCXMS02HHMAVT', '01KNP89C5ZAM11B2MQJJJM4XZ1'),
  ('01KNV071F1NQJXCXMS0HPJ44SG', '2026-04-11 15:00:00', 'ONGOING', '01KNP89C5ZXF842HH3167YBEP5', '01KNV071F1NQJXCXMS043BXNM7', NULL),
  ('01KNV071F1NQJXCXMS0M541G7W', '2026-04-11 16:00:00', 'STANDBY', '01KNP89C5ZW7AR7K07PTDRSCAA', '01KNV071F1NQJXCXMS043BXNM7', NULL),
  ('01KNV071F1NQJXCXMS0R1WMGDD', '2026-04-11 17:00:00', 'STANDBY', '01KNP89C5ZXF842HH3167YBEP5', '01KNV071F1NQJXCXMS02HHMAVT', NULL);

INSERT INTO match_entries (id, match_id, team_id, score)
VALUES
  ('01KNV071F1NQJXCXMS0R7SZANG', '01KNV071F1NQJXCXMS04NDPPR9', '01KNP89C5ZAM11B2MQJJJM4XZ1', 0),
  ('01KNV071F1NQJXCXMS0VG49K4S', '01KNV071F1NQJXCXMS04NDPPR9', '01KNP89C5Z74H6T3KT45JSY3MR', 0),
  ('01KNV071F1NQJXCXMS0WKBQX20', '01KNV071F1NQJXCXMS06HKMXJK', '01KNP89C5ZAM11B2MQJJJM4XZ1', 0),
  ('01KNV071F1NQJXCXMS10JSKFYG', '01KNV071F1NQJXCXMS06HKMXJK', '01KNP89C5ZTJND1RS9WJHR49QP', 0),
  ('01KNV071F1NQJXCXMS14J47B94', '01KNV071F1NQJXCXMS08QY2Z9H', '01KNP89C5ZTJND1RS9WJHR49QP', 0),
  ('01KNV071F1NQJXCXMS16N9F1AP', '01KNV071F1NQJXCXMS08QY2Z9H', '01KNP89C5ZYPP0SXX1VT9QWA1H', 0),
  ('01KNV071F1NQJXCXMS195JT88W', '01KNV071F1NQJXCXMS0B8Z63AM', '01KNP89C5Z74H6T3KT45JSY3MR', 0),
  ('01KNV071F1NQJXCXMS1BFMRG6M', '01KNV071F1NQJXCXMS0B8Z63AM', '01KNP89C5ZYPP0SXX1VT9QWA1H', 0),
  ('01KNV071F1NQJXCXMS1EMZDKNW', '01KNV071F1NQJXCXMS0BB1G7F3', '01KNP89C5ZAM11B2MQJJJM4XZ1', 0),
  ('01KNV071F1NQJXCXMS1H5GGZP2', '01KNV071F1NQJXCXMS0BB1G7F3', '01KNP89C5ZYPP0SXX1VT9QWA1H', 0),
  ('01KNV071F1NQJXCXMS1MNMN6VT', '01KNV071F1NQJXCXMS0EFMKF14', '01KNP89C5ZAM11B2MQJJJM4XZ1', 3),
  ('01KNV071F1NQJXCXMS1QVTV7F8', '01KNV071F1NQJXCXMS0EFMKF14', '01KNP89C5ZTJND1RS9WJHR49QP', 1),
  ('01KNV071F1NQJXCXMS1TTJ5S24', '01KNV071F1NQJXCXMS0HPJ44SG', '01KNP89C5ZAM11B2MQJJJM4XZ1', 0),
  ('01KNV071F1NQJXCXMS1WRA0PFA', '01KNV071F1NQJXCXMS0HPJ44SG', '01KNP89C5Z74H6T3KT45JSY3MR', 0),
  ('01KNV071F1NQJXCXMS20JYWXV9', '01KNV071F1NQJXCXMS0M541G7W', '01KNP89C5ZTJND1RS9WJHR49QP', 0),
  ('01KNV071F1NQJXCXMS22Z4Q1EA', '01KNV071F1NQJXCXMS0M541G7W', '01KNP89C5ZYPP0SXX1VT9QWA1H', 0),
  ('01KNV071F1NQJXCXMS25NNQWPC', '01KNV071F1NQJXCXMS0R1WMGDD', '01KNP89C5Z74H6T3KT45JSY3MR', 0),
  ('01KNV071F1NQJXCXMS26PQF966', '01KNV071F1NQJXCXMS0R1WMGDD', '01KNP89C5ZYPP0SXX1VT9QWA1H', 0);

-- ─── 審判テスト用審判データ ────────────────────────────────
--   judgment.id = match.id（1:1関係）
INSERT INTO judgments (id, name, user_id, team_id, group_id, is_attending)
VALUES
  ('01KNV071F1NQJXCXMS04NDPPR9', NULL, NULL, '01KNP89C5ZTJND1RS9WJHR49QP', NULL, 0),
  ('01KNV071F1NQJXCXMS06HKMXJK', NULL, NULL, '01KNP89C5ZYPP0SXX1VT9QWA1H', NULL, 1),
  ('01KNV071F1NQJXCXMS08QY2Z9H', NULL, '01KNP89C5ZXY9DR19EWJVHNBFB', NULL, NULL, 1),
  ('01KNV071F1NQJXCXMS0B8Z63AM', NULL, NULL, NULL, '01KNP89C5Z8MR1BZ7T6C5506FP', 0),
  ('01KNV071F1NQJXCXMS0BB1G7F3', '外部審判員A', NULL, NULL, NULL, 0),
  ('01KNV071F1NQJXCXMS0EFMKF14', NULL, NULL, '01KNP89C5Z74H6T3KT45JSY3MR', NULL, 1),
  ('01KNV071F1NQJXCXMS0HPJ44SG', NULL, '01KNP89C5ZG9Y152MJR6AY3ZYD', NULL, NULL, 1),
  ('01KNV071F1NQJXCXMS0M541G7W', NULL, NULL, '01KNP89C5ZAM11B2MQJJJM4XZ1', NULL, 0),
  ('01KNV071F1NQJXCXMS0R1WMGDD', NULL, NULL, '01KNP89C5ZTJND1RS9WJHR49QP', NULL, 0);

-- migrate:down
DELETE FROM tiebreak_priorities;
DELETE FROM promotion_rules;
DELETE FROM ranking_rules;
DELETE FROM tournament_slots;
DELETE FROM tournaments;
DELETE FROM leagues;
DELETE FROM judgments;
DELETE FROM match_entries;
DELETE FROM matches;
DELETE FROM competition_entries;
DELETE FROM competitions;
DELETE FROM sport_entries;
DELETE FROM sport_scenes;
DELETE FROM rules;
DELETE FROM information;
DELETE FROM team_users;
DELETE FROM teams;
DELETE FROM group_users;
DELETE FROM `groups`;
DELETE FROM user_roles;
DELETE FROM users_idps;
DELETE FROM users;
DELETE FROM scenes;
DELETE FROM locations;
DELETE FROM `sports`;
